<?xml version="1.0" encoding="UTF-8"?>Abendpfauenauge,,
Abendvogel,,
Abessinier,,
Abgottsschlange,,
Abiponer,,
Achat,http://www.wikidata.org/entity/Q123314 http://www.wikidata.org/entity/Q123314,
Achatkugel,,
Achillessehne,http://www.wikidata.org/entity/Q223172,
Ackermännchen,,
Ackerwerbel,,
Adler,http://www.wikidata.org/entity/Q358107,
Adlerstein,,
Adular,http://www.wikidata.org/entity/Q430034,
Aegerste,,
Aegypten-Kiesel,,
Aegyptenkiesel,,
Aegyptier,,
Aegyptische+Mumie,,
Aehrenstein,,
Aelster,,
Aelstern,,
Aente,,
Aentemuschel,,
Aenten,,
Aentenmuschel,,
Aentestößer,,
Aërolith,,
Aesche,,
Aeser,,
Aethiopier,,
Aethiopierin,,
Aëties,,
Aetit,,
Affe,,
africanische+Waldmensch,,
Afrikaner,,
Afterholzbock,,
Afterjungfer,,
Afterpolype,,
Afterpolypen,,
Agami,,
Agtstein,,
ägyptische+Mumie,,
ägyptischen+Mumie,,
ägyptischen+Mumien,,
Alabaster,http://www.wikidata.org/entity/Q143447,
Alander,,
Alaun,http://www.wikidata.org/entity/Q190527 http://www.wikidata.org/entity/Q190527,
Alaun-Erde,,
Alaun-Erzen,,
Alaun-Schiefer,,
Alaun-Stein,,
Alaun-Thon,,
Alaunerde,,
Alaunschiefer,http://www.wikidata.org/entity/Q1358009,
Alaunstein,http://www.wikidata.org/entity/Q338106,
Albarassados,,
Albatros,http://www.wikidata.org/entity/Q1338782,
Alberknospen,,
Alcyonit,,
Aleuten,,
Alligator,,
Alpenforelle,,
Alvinos,,
Amaru+Schlange,,
Amaru-Schlange,,
Amazonenstein,http://www.wikidata.org/entity/Q429786,
Amazonit,http://www.wikidata.org/entity/Q429786,
Amboinese,,
Ambra,,
Ameise,,
Ameisen-Bär,,
Ameisen-Löwe,,
Ameisenbär,,
Ameisenfresser,,
Ameisenlöwe,,
Ameisenlöwen,,
Amenorrhöe,,
Americaner,,
americanische+Löwe,,
americanische+Nachtigal,,
americanische+Rasse,,
americanischer+Löwe,,
americanischer+Tiger,,
Amerikaner,http://www.wikidata.org/entity/Q338242,
amerikanische+Rasse,,
Amethyst,http://www.wikidata.org/entity/Q79058,
Amianth,,
Ammer,,
Ammon,,
Ammoniak,,
Ammonshorn,,
Ammonshörner,,
Amseln,,
Anaconda,,
Androdamas,,
Angmarsete,,
Ani,,
Anschovis,,
Anthropolithen,,
Anthropologie,http://www.wikidata.org/entity/Q23404,
Antimonium,,
Anu-Plame,,
Apatit,http://www.wikidata.org/entity/Q178397 http://www.wikidata.org/entity/Q178397,
Aphrodite,,
Aquamarin,http://www.wikidata.org/entity/Q58959,
Araber,http://www.wikidata.org/entity/Q35323,
Aras,,
Arche,,
Arekpalme,,
Arendalit,,
Arm-Polype,,
Arm-Polypen,,
Armadill,,
Armadillen,,
Armenier,,
Armpolype,,
Armpolypen,,
Arragonit,,
Arsenik,,
Arsenik+Kies,,
Arsenik-Silber,,
Arsenikgeschlecht,,
Arsenikkies,,
Arterien,,
Artsche,,
Asbest,http://www.wikidata.org/entity/Q104085,
Asellische+Gekrösedrüse,,
Ashkoko,,
Asiaten,,
Asiatischer+Elephant,,
Asphalt,http://www.wikidata.org/entity/Q202251,
Ass,,
Assel,,
Aßel,,
Astroit,,
Atacamit,http://www.wikidata.org/entity/Q409775,
Atas,,
äthiopische+Rasse,,
Atlas,http://www.wikidata.org/entity/Q22949 http://www.wikidata.org/entity/Q162827 http://www.wikidata.org/entity/Q655357 http://www.wikidata.org/entity/Q14248859,
Atlas-Erz,,
Atlas-Erzt,,
Atlaserz,,
Atramentstein,,
Attun,,
Aufhängemuskel,,
Augapfel,,
Augenachat,,
Augenbraunenbogen,,
Augendecke,,
Augenhölen,,
Augenhölenrand,,
Augenlied,,
Augenlieder,,
Augenstern,,
Augensternes,,
Augit,http://www.wikidata.org/entity/Q192141,
Auripigment,http://www.wikidata.org/entity/Q419183 http://www.wikidata.org/entity/Q419183,
Aurochsen,,
Auroravogel,,
Ausschlagsfieber,,
Austerdieb,,
Austermann,,
Austern,,
Avanturino,,
Babirussa,,
babylonische+Thurm,,
Backenknochen,http://www.wikidata.org/entity/Q186102 http://www.wikidata.org/entity/Q186102,
Backentaschen,,
Backenzahn,,
Backenzähne,,
Backtrog,,
Badaja,,
Badeschwamm,,
Baikalit,,
Balinese,http://www.wikidata.org/entity/Q9665,
Balinesin,,
Bandfischwurm,,
Banianbaum,,
Bantagan,,
Baobab,,
Bär,,
Bärenbeisser,,
Bärenraupe,,
Barris,,
Bars,,
Barsch,,
Bartgeyer,,
Baryt,http://www.wikidata.org/entity/Q184196,
Barzinos,,
Basalt,http://www.wikidata.org/entity/Q43338,
Basaltische+Hornblends,,
Basaltsäule,http://www.wikidata.org/entity/Q40157,
Baschkir,,
Bast,,
Bastard,,
Bastard-Harlekin,,
Bastarde,,
Bastarderzeugung,,
Bastardpflanzen,,
Bataver,http://www.wikidata.org/entity/Q176825 http://www.wikidata.org/entity/Q176825,
Bauch-Sauger,,
Bauchkieme,,
Bauchkiemesauger,,
Baum-Gans,,
Baumfarns,,
Baumgans,,
Baumhüpfer,,
Baumkleber,,
Baumklette,,
Baumkletten,,
Baumrinde,,
Baumroche,,
Baumstamm,,
Baumstamme,,
Beccafige,,
Becken,http://www.wikidata.org/entity/Q190172 http://www.wikidata.org/entity/Q749565 http://www.wikidata.org/entity/Q813672,
Beckenfragment,,
Bedekkungsnerven,,
Beelzebub,,
Begleitmineralien,,
Beilklinge,,
Beilstein,,
Beinbrech,,
Beinbrecher,,
Beißfliege,,
Bekken,,
Belemnit,,
bell+metal+ore,,
Beluga,http://www.wikidata.org/entity/Q6486,
Benares,,
Bengali,http://www.wikidata.org/entity/Q9610,
Berg+Theer,,
Berg-Aelster,,
Bergaelster,,
Bergälster,,
Bergart,,
Bergbalsam,,
Bergbutter,,
Bergcrystall,,
Bergcrystall-Kiesel,,
Bergcrystalle,,
Bergflachs,,
Bergguhr,,
Bergholz,,
Bergkork,,
Bergkristall,http://www.wikidata.org/entity/Q43010 http://www.wikidata.org/entity/Q2050687 http://www.wikidata.org/entity/Q2050687,
Bergkristall-Kiesel,,
Bergleder,,
Bergöhl,,
Bergonit,,
Bergseife,,
Bergteer,,
Bergtheer,,
Bergzieger,,
Beril,,
Berlinblau,,
Bernstein,http://www.wikidata.org/entity/Q25381,
Beryll,http://www.wikidata.org/entity/Q103480,
Beryll+Säule,,
Beutel-Meise,,
Beutelratte,,
Beutelthiere,,
Bezoar,,
Bezoarstein,,
Bieber,,
biegsamer+Sandstein,,
Biene,,
Bildstein,,
Bildungstrieb,,
Bildungstriebes,,
Bildungstriebs,,
Billich,,
Bimsstein,,
Birkenholz,http://www.wikidata.org/entity/Q865564,
Birkfuchs,,
Birkhahn,,
Birkheher,,
Birmane,,
Birn,,
Bisam+Thier,,
Bisamratze,,
Bisamschwein,,
Bisamstier,,
Bisamthier,,
Bischofsmünze,,
Bitter-Erde,,
Bittern,,
Bittersalz,,
Bittersalzspath,,
Bittersalzstein,,
Bitterspath,,
Bitterstein,,
Bitumen,,
bituminöser+Mergelschiefer,,
bituminöses+Holz,,
Blackfisch,,
Blakfische,,
Blasenschnecke,,
Blasenschneckenwurm,,
Blasenwurm,,
Blasenwürmer,,
Blaßhuhn,,
Blatt-Käfer,,
Blatt-Käferlaus,,
Blatt-Käfersauger,,
Blatt-Käferwespe,,
Blätter+Erz,,
Blätter-Scelete,,
Blättererz,http://www.wikidata.org/entity/Q213131,
Blätterkohle,,
Blättermagen,,
Blätterquarz,,
Blattsauger,,
Blau+Müller,,
Blau-Eisen-Erde,,
Blaubart,,
Blaue+Erde,,
Blaumüller,,
Blauspecht,,
Bleiglanz,http://www.wikidata.org/entity/Q37559,
Bleispath,,
Blende,,
Bley,,
Bley-Erde,,
Bley-Erz,,
Bley-Ocher,,
Bley-Vitriol,,
Bleygeschlecht,,
Bleyglanz,,
Bleyglimmer,,
Bleyschweif,,
Bleyspath,,
Bleyspathcristallen,,
Bleystein,,
blinde+Fliege,,
Blindfisch,,
Blumen+Polype,,
Blumen-Polypen,,
Blumenpolype,,
Blumenspecht,,
Blut-Igel,,
Blutadern,,
Blutgang,,
Blutigel,,
Blutsauger,,
Blutstein,http://www.wikidata.org/entity/Q103223 http://www.wikidata.org/entity/Q103223,
Böhme,,
Böhmer,,
Bohnen-Erz,,
Bohr-Pholade,,
Bohrmuschel,,
Bohrwurm,,
Bologneserhündchen,,
Bologneserstein,,
Bombardirkäfer,,
Bonite,,
Boracit,http://www.wikidata.org/entity/Q420204 http://www.wikidata.org/entity/Q420204,
Borax,http://www.wikidata.org/entity/Q3513011 http://www.wikidata.org/entity/Q3513011,
Borech,,
Börnstein,,
Botanik,http://www.wikidata.org/entity/Q441,
Brachkäfer,,
Brandfuchs,,
Brandmeise,,
Brandschiefer,,
Brasilianer,,
Brasilianerin,,
Braun-Eisen-Stein,,
Braun-Eisenram,,
Braun-Eisenstein,,
Braun-Erz,,
braune+Grasfrosch,,
Brauneisen,http://www.wikidata.org/entity/Q193565,
Braunerz,,
Braunkohle,,
Braunspath,,
Braunstein,,
Braunstein+Nadeln,,
Braunstein-Erz,,
Braunstein-Kalk,,
Braunsteingeschlecht,,
Braunsteinkalk,,
Breitling,,
Breme,,
Bremse,http://www.wikidata.org/entity/Q908295 http://www.wikidata.org/entity/Q1534839 http://www.wikidata.org/entity/Q1534839,
Bresche,,
Breschen-Marmor,,
Breschenschiefer,,
Briançoner+Kreide,,
Briançoner-Kreide,,
Brieftaube,http://www.wikidata.org/entity/Q138756,
Brotschabe,,
Brustbein,http://www.wikidata.org/entity/Q8481,
Brustknochen,,
Brustwirbeln,,
Brvchvs,,
Bücherscorpion,,
Buchfinken,,
Buckelkuh,,
Budel,,
Bufonit,,
Buginese,,
Bulgare,,
Bullenbeisser,,
Bülow,,
Bunt-Kupfer-Erz,,
Buraet,,
Burgunder,http://www.wikidata.org/entity/Q1016086,
Burmese,,
Buschspinne,,
Buttermilch-Erz,,
Buttervogel,,
Buxbaum,,
C-Vogel,,
Cacadu,,
Cachexie,,
Cachicame,,
Cacholong,,
Caffer,,
Calabassen-Kürbisse,,
Cälestin,,
Calmuck,,
Calmücken,,
Camahuja,,
Cambujen,,
Cameel,,
Cameelen,,
Camele,,
Camelhals,,
Camelziege,,
Camoucle,,
Canarienvogel,,
Canarienvögeln,,
Caninchen,,
Cannelkohle,,
Caraibe,,
Carette,,
Carminhänfling,,
Carmoisin-Schlange,,
Carneol,http://www.wikidata.org/entity/Q324369,
Casacken,,
Caschelot,,
Caschicame,,
Cascholong,,
Caßawi-Wurzel,,
Casuar,,
Caucasisch,,
caucasische+Rasse,,
Caviar,,
Ceilanische+Keys,,
Celten,,
Cerorthit,,
Chalcedon,http://www.wikidata.org/entity/Q170448,
Chalcolith,,
Chamäleon,,
Chinese,,
Chinesen,,
Chlorit,,
Chlorit-Erde,,
Chlorit-Schiefer,,
Chloritschiefer,,
Chlorsilber,,
Choles,,
Choras,,
Chromium-Erz,,
Chromium-Kalk,,
Chromiumgeschlecht,,
Chysopras,,
Cicaden,,
Cimbriers,,
Cimolit,,
Cirkelmotte,,
Citrin,http://www.wikidata.org/entity/Q334719,
Citrinchen,,
Citronen-Papilion,,
Clytoris,,
Cobaltit,http://www.wikidata.org/entity/Q410396 http://www.wikidata.org/entity/Q410396,
Cochenille,http://www.wikidata.org/entity/Q320617,
Cochenille-Wurm,,
Cochenillwürmer,,
Coelestin,http://www.wikidata.org/entity/Q407221 http://www.wikidata.org/entity/Q407221,
Colibrite,,
Colophonit,,
Colophoniumblende,,
Colophoniumstein,,
Compaßmuschel,,
Conchylie,,
Conchylien,,
Concylien,,
Condor,http://www.wikidata.org/entity/Q1124572 http://www.wikidata.org/entity/Q7670624,
Coneparl,,
Contraktilität,,
Contreadmiral,http://www.wikidata.org/entity/Q156945 http://www.wikidata.org/entity/Q156945,
Corallen,,
Corallen-Erzes,,
Corallen-Marmor,,
Corallenerz,,
Corneol,,
Corsicanerhunde,,
Corund,,
Corundpulver,,
Cosack,,
Cottonvogel,,
Coyoten,,
Creolen,,
Creta,,
Cretinen,,
Cretinismus,,
Crocodil,,
Crocodilen,,
Crystall,,
Crystall-Linse,,
crystallisirter+Sandstein,,
Crystallkiesel,,
Cucuyo,,
Cuguar,,
Cuntur,,
Curasso,,
Cyanit,http://www.wikidata.org/entity/Q193450,
Dach-Schiefer,,
Dachshund,,
Dajak,,
Däne,,
Darmkanale,,
Darmröhre,,
das+wandelnde+Blatt,,
Dasselbeule,,
Dattelmuschel,,
Dauriers,,
Davidsharfe,http://www.wikidata.org/entity/Q944412,
Delphin,http://www.wikidata.org/entity/Q7369 http://www.wikidata.org/entity/Q7369,
Demant,,
Demantgeschlecht,,
Demantspath,,
Demantspaths,,
Dendrachat,,
Dendriten-Marmor,,
Desman,,
Deutsche,,
Deutscher,,
Diamant,http://www.wikidata.org/entity/Q5283 http://www.wikidata.org/entity/Q5283 http://www.wikidata.org/entity/Q5283 http://www.wikidata.org/entity/Q49568,
Diamantspath,,
Dianen,,
Diebs-Hand,,
Diebshand,,
Dintenfisch,,
Distelvogel,,
Dohmpfaff,,
Dolomit,http://www.wikidata.org/entity/Q167741,
Dompfaffen,,
Donnerkeile,,
Doppelender,,
Doppelspath,,
Dornhay,,
Dotterhaut,,
Drehhals,,
Drillfisch,,
Drossel,http://www.wikidata.org/entity/Q864746 http://www.wikidata.org/entity/Q864746,
Drusche,,
Drüse,http://www.wikidata.org/entity/Q9647,
Drüsenkrankheit,,
Dudu,,
Eber,,
Echiniten+Stacheln,,
Eckzähne,,
Edelfalke,,
Edelgalmei,http://www.wikidata.org/entity/Q152400,
edler+Galmei,,
Edler+Opal,,
Egelschnecke,,
Egelschnecken,,
Eichblatt,,
Eidervogel,,
Eidexe,,
Eidexen,,
Einbornfisch,,
Einsiedler,http://www.wikidata.org/entity/Q2303143,
Eisen,http://www.wikidata.org/entity/Q677 http://www.wikidata.org/entity/Q677,
Eisen-Erze,,
Eisen-Kalk,,
Eisen-Niere,,
Eisen-Vitriol,,
Eisenblüthe,,
Eisengeschlecht,,
Eisenglanz,http://www.wikidata.org/entity/Q103223 http://www.wikidata.org/entity/Q103223,
Eisenglimmer,,
Eisengranat,,
Eisenkalk,,
Eisenkies,,
Eisenkiesel,,
Eisenmasse,,
Eisenmeteorit,http://www.wikidata.org/entity/Q827989,
Eisenockers,,
Eisenspath,,
Eisenstein,,
Eisenvitriol,,
Elastischer+Stein,,
elastisches+Erdharz,,
Elastisches+Harz,,
Elbsch,,
Elennthier,,
Elephant,,
Elephanten,,
Elephantiasis,http://www.wikidata.org/entity/Q16775468,
Elft,,
Elle,,
Embrio,,
Emgalo,,
Emmerling,,
Emse,,
Encrinit,,
Encriniten,,
Engerling,http://www.wikidata.org/entity/Q9331243,
Engländer,,
Ensisheim,,
Entenschnabel,,
Entenstößer,,
Entrochit,,
Epheu,,
Epidote,,
Epigenese,,
Epistaxis,http://www.wikidata.org/entity/Q202013,
Erbsenkäfer,,
Erbsenstein,http://www.wikidata.org/entity/Q1760214,
Erd-Krebs,,
Erd-Oehl,,
Erdfliege,,
Erdhaase,,
Erdharz,http://www.wikidata.org/entity/Q202251,
Erdharzgeschlecht,,
Erdkobalt,,
Erdkohle,,
Erdkrebs,,
Erdöhl,,
Erdöl,http://www.wikidata.org/entity/Q22656,
Erdpech,,
Erdpech-Schlacke,,
Erdpech-Wolf,,
Erdschwalbe,,
Erlenfink,,
Erxleben,,
Erz,http://www.wikidata.org/entity/Q102798,
Esel,http://www.wikidata.org/entity/Q3537778,
Eseln,,
Eskimo,http://www.wikidata.org/entity/Q25946 http://www.wikidata.org/entity/Q477334,
Eskimos,,
Essigaal,,
Eßigaal,,
Etrusker,,
Europäer,http://www.wikidata.org/entity/Q394067,
Evnuchen,,
Fadenwurm,,
Fahl-Erz,,
Fahlerz,,
Falke,,
Familienschlag,,
Farenreit,,
Farenteit,,
Farnholz,,
Farnwedel,,
Faulthier,,
Faulthieraffen,,
Faulthiere,,
Faulthieren,,
Feder-Alaun,,
Feder-Erz,,
Federalaun,http://www.wikidata.org/entity/Q417278,
Federbusch-Polypen,,
Federharz,,
Feldhuhn,,
Feldmarder,,
Feldspat,http://www.wikidata.org/entity/Q170258,
Feldspath,,
Feldspath-Avanturino,,
Fellhäutchen,,
Felsenmuschel,,
Felskiesel,,
Fensterduplet,,
Fensterschwalbe,,
Fensterspinne,,
Ferkelkaninchen,,
Fett-Ammer,,
Fettammer,,
Fette+Gans,,
Fettgans,,
Fettkohle,,
Fettmagen,,
Feuer-Aßel,,
Feuerassel,,
Feuerkröte,,
Feuerschwalbe,,
Feuerstein,http://www.wikidata.org/entity/Q83087 http://www.wikidata.org/entity/Q83087,
Feuerwurm,,
Fichtenkrebs,,
Fichtenraupe,,
Fichtenschwärmer,,
Fichtenspinner,,
Fick,,
Fiederblättchen,,
Fink,,
Finke,,
Finke+von+Bengalen,,
Finne,http://www.wikidata.org/entity/Q1568355,
Finnen,,
Finnfisch,,
Finnin,,
Fisch,,
Fischbein,,
Fischkäfer,,
Fischottern,,
Fischrieme,,
Fischriemen,,
Flachsfink,,
Fleckfieber,http://www.wikidata.org/entity/Q160649 http://www.wikidata.org/entity/Q160649 http://www.wikidata.org/entity/Q9274700 http://www.wikidata.org/entity/Q9274700,
Fledermaus,,
Fledermäusen,,
Fleischfell,,
Flete,,
Fliege,http://www.wikidata.org/entity/Q7824282,
fliegende+Blatt,,
fliegende+Eichhörnchen,,
fliegende+Eidexe,,
fliegende+Häring,,
fliegende+Hund,,
fliegender+Häring,,
fliegender+Hirsch,,
fliegender+Hund,,
Flinz,,
Floh,,
Flöz-Kalkstein,,
Flözkalkstein,,
Flüe+Lerche,,
Flüe-Lerche,,
Flügeldecken,,
Flügelkölbchen,,
Flügelschnecke,,
Flünder,,
Fluss+Spath,,
Fluß-Erde,,
Fluß-Garneele,,
Fluß-Schnecke,,
Flußkrebs,,
Flussmuschel,,
Flußmuschel,,
Flusspath,,
Flußschildkröte,,
Flussspat,http://www.wikidata.org/entity/Q102151 http://www.wikidata.org/entity/Q102151,
Flußspat,http://www.wikidata.org/entity/Q102151 http://www.wikidata.org/entity/Q102151,
Flussspath,,
Flußspathcrystallen,,
Forellen,,
formosanisches+Teufelchen,,
fossiler+Elephant,,
fossiles+Federharz,,
Fossilien,http://www.wikidata.org/entity/Q40614,
Fötus,http://www.wikidata.org/entity/Q26513,
Franzose,http://www.wikidata.org/entity/Q121842,
Franzosen,http://www.wikidata.org/entity/Q121842,
Frauen-Eis,,
Fraueneis,,
Frauenglas,,
Fregatte,http://www.wikidata.org/entity/Q161705 http://www.wikidata.org/entity/Q12012855 http://www.wikidata.org/entity/Q12012855,
Frettel,,
Friesel,,
Frosch,,
Frösche,,
Froschfisch,,
Fruchtknote,,
Fruchtknoten,,
Frühlingsfliege,,
Frühlingsfliegen,,
Fuchs,http://www.wikidata.org/entity/Q8331,
Fungit,,
Furie,http://www.wikidata.org/entity/Q180262,
Fußsohlenmuskel,,
Fußzehe,,
Gabelgeyer,,
Gabelschwanz,,
Gadde,,
Gagat,http://www.wikidata.org/entity/Q543694 http://www.wikidata.org/entity/Q543694 http://www.wikidata.org/entity/Q543694,
Gagatkohle,,
Galle,,
Gallenblase,http://www.wikidata.org/entity/Q64386,
Gallensteine,http://www.wikidata.org/entity/Q272714,
Gallizier,,
Gallwespe,,
Galmei,http://www.wikidata.org/entity/Q152400,
Galmey,,
Ganre,,
Garn,,
Garneele,,
Gartenfink,,
Gartenkäfer,,
Gäschtwurm,,
Gaumen,,
Gaumenbein,http://www.wikidata.org/entity/Q237632,
Gaumenloch,,
Gazellengeschlecht,,
gebänderter+Jaspis,,
Gebärmutter,http://www.wikidata.org/entity/Q9612,
Geburtstheile,,
Gecko,,
geflochtene+Fadenröhre,,
Gehirn,http://www.wikidata.org/entity/Q1073,
Gehirnlappen,,
Gehirnmasse,,
Gehörgang,,
Geißbrachsen,,
Geist,http://www.wikidata.org/entity/Q450 http://www.wikidata.org/entity/Q1124812 http://www.wikidata.org/entity/Q1124812,
Gelb-Erde,,
Gelbbleierz,http://www.wikidata.org/entity/Q421092,
GelbBleyerz,,
Gelbgans,,
Gelbkupfererz,http://www.wikidata.org/entity/Q111044,
Gelbsucht,,
Gelenkknöpfe,,
gemeiner+Quarz,,
Gemsballen,,
Genettkatze,,
Geologie,,
Georgerin,,
Georgier,,
Georgierin,,
Georgiern,,
Georgiers,,
Gerölle,,
Gesäßmuskeln,,
Geschlechtstheile,,
Geschwäder,,
Gesichtsmuskeln,,
Gestein,http://www.wikidata.org/entity/Q8063 http://www.wikidata.org/entity/Q8063,
Gestellstein,,
Getreidekörner,,
Gewölle,,
Gewürme,,
Gewürmen,,
Geyer,,
Geyerkönig,,
Gibbon,,
Gieskanne,,
Gießkanne,http://www.wikidata.org/entity/Q50643 http://www.wikidata.org/entity/Q50643,
Giffern,,
Giftkies,http://www.wikidata.org/entity/Q191939 http://www.wikidata.org/entity/Q191939,
Giftkuttel,,
Giftstein,,
Gilgekirskischer+Stamm,,
Gips,http://www.wikidata.org/entity/Q82658 http://www.wikidata.org/entity/Q82658,
Gistkies,,
Glabelle,,
Glahrke,,
Glanz-Erde,,
Glanzerde,,
Glanzkobalt,http://www.wikidata.org/entity/Q410396 http://www.wikidata.org/entity/Q410396,
Glanzkobold,,
Glanzkohle,,
Glas+Erz,,
Glas-Bohrmuschel,,
Glas-Erde,,
Glas-Erz,,
Glas-Kopf,,
Glasamianth,,
Glaserz,,
Glaskopf,,
Glaß-Erzt,,
Glasstein,,
Glattroche,,
Glaubersalz,,
Glimmer,http://www.wikidata.org/entity/Q114675,
Glimmer-Schiefer,,
Glimmers,,
Glimmerschiefer,http://www.wikidata.org/entity/Q15315,
Glucine,,
Gneis,,
Gold,http://www.wikidata.org/entity/Q897 http://www.wikidata.org/entity/Q897 http://www.wikidata.org/entity/Q208045 http://www.wikidata.org/entity/Q208045,
Goldbrachsen,,
Goldbutte,,
Golddrossel,,
Golderz,,
Goldfischchen,,
Goldgeschlecht,,
Goldgeyer,,
Goldhahn,,
Goldhähnchen,,
Goldkäfer,,
Goldkarpfe,,
Goldkohle,,
Goldschleihe,,
Goldwurm,,
Golok,,
Gottesanbeterinn,,
Gotteslämmchen,,
Granate,http://www.wikidata.org/entity/Q318028,
Granaten,,
Granit,http://www.wikidata.org/entity/Q41177,
Graphit,http://www.wikidata.org/entity/Q5309 http://www.wikidata.org/entity/Q5309 http://www.wikidata.org/entity/Q5309,
Graphitgeschlecht,,
Grasspecht,,
Grau-Spiesglaserz,,
Graubraunsteinerz,,
graue+Ammer,,
graue+Reiher,,
Grauspiesglas,,
Grauspiesglas+Erz,,
Grauspiesglaserz,,
Graustein,,
Grauwacke,http://www.wikidata.org/entity/Q917545,
Grauwacken-Schiefer,,
Grauwackenschiefer,,
Grauwerk,,
Grieche,,
Griffel,,
Griffen,,
Grimmdarm,,
Grönländer,,
grönländische+Taube,,
Grönländischer+Häring,,
Gropp,,
große+Fuchs,,
Großohr,,
Grün-Eisen-Erde,,
Grün-Erde,,
Grundel,,
grüne+Eidexe,,
grüne+Kreide,,
grüne+Wasserfrosch,,
grüner+Eisenstein,,
grüner+Glimmer,,
Grünschwarz,,
Grünsprecht,,
Grüper,,
Guineisches+Reh,,
Gummi-Lackwurm,,
Gummistein,,
Gürtelthier,,
Guß-Eisen,,
Gyps+Spath,,
Gyps-Leberstein,,
Gyps-Spath,,
Gypsguhr,,
Gypsmehl,,
Gypssinter,,
Gypsspath,,
Gypsstein,,
Haarsalz,http://www.wikidata.org/entity/Q417278,
Haase,,
Haasen,,
Haberbock,,
Haberlämmchen,,
Habitus,,
Haferbock,,
Hafft,,
Hafpadde,,
Hahn,http://www.wikidata.org/entity/Q2216236 http://www.wikidata.org/entity/Q2216236,
Hahnenkamm,,
Hahnkamm,,
Halb-Caninchen,,
Halb-Fisch,,
Halbcaninchen,,
Halbfisch,,
Halbkanichen,,
Halbkaninchen,,
Halbmetalle,http://www.wikidata.org/entity/Q19596 http://www.wikidata.org/entity/Q19596,
Halsgrube,,
Halswirbel,http://www.wikidata.org/entity/Q900457,
Halswirbelbeine,,
Hammer,http://www.wikidata.org/entity/Q25294 http://www.wikidata.org/entity/Q25294 http://www.wikidata.org/entity/Q319636,
Hammerfisch,,
Hammerkalk,,
Hammites,,
Hämorrhoiden,http://www.wikidata.org/entity/Q41478,
Handbuch,http://www.wikidata.org/entity/Q1459574,
Handgeflügelte,,
Hänflingen,,
Häring,,
Harnizen,,
Harnröhre,,
Hartwurm,,
Harzkohle,,
Hase,,
Haselwurm,,
Haube,http://www.wikidata.org/entity/Q1484708,
Hauben-Finke,,
Haubenfink,,
Haubenkrähe,,
Haupthaar,,
Haupthaare,,
Haus-Teufel,,
Haus-Unke,,
Haushahn,,
Hausschwalbe,,
Hausthiere,,
Hautausschläge,,
Hautmuskel,http://www.wikidata.org/entity/Q1556635,
Hautnerven,,
Hauzähne,,
Hay,,
Haye,,
Hechten,,
Heckenschmatzer,,
Heckenweißling,,
Heer-Wurm,,
Heerheuschrecke,,
Heerschnepfe,,
Heher,,
Heidekraut,,
Heiligbutte,,
Heimweh,,
Heister,,
Heliotrop,http://www.wikidata.org/entity/Q430174,
heracleum+sibiricum,,
Hermelinvogel,,
Herpes,,
Herrenvogel,,
Herrgottsbeton,,
Herring,,
Herzbeutel,,
Herzgrube,,
Herzhorn,,
Hetzle,,
Heupferd,,
Heuschrecke,,
Hexe,http://www.wikidata.org/entity/Q148401 http://www.wikidata.org/entity/Q2488257 http://www.wikidata.org/entity/Q15298259 http://www.wikidata.org/entity/Q15298259 http://www.wikidata.org/entity/Q15298259,
Himmelslerche,,
Himmelsmehl,,
Hinterhaupt,,
Hinterhaupt-Fragment,,
Hinterhauptsloch,,
Hinterkopf,,
Hirnlein,,
Hirnmasse,,
Hirnschaale,,
Hirnschädel,http://www.wikidata.org/entity/Q13147,
Hirnschädeln,,
Hirnschädelnäthe,,
Hirnschale,,
Hirsch,,
Hirsch+Eder,,
Hirschgeschlecht,,
Hirschkühe,,
Hohlkrähe,,
Hohlraumfüllung,,
Hohlziegel,http://www.wikidata.org/entity/Q1867473,
Holländer,,
Holländerin,,
Holländers,,
Holz,http://www.wikidata.org/entity/Q287 http://www.wikidata.org/entity/Q287 http://www.wikidata.org/entity/Q287,
Holz-Emse,,
Holz-Erde,,
Holz-Opal,,
Holz-Wespe,,
Holz-Wurm,,
Holz-Zinn,,
Holzasbest,,
Holzbock,,
Holzemse,,
Holzheher,,
Holzheuschrecke,,
Holzkohle,http://www.wikidata.org/entity/Q177463,
Holzlaus,,
Holzopal,http://www.wikidata.org/entity/Q171058,
Holzprobe,,
Holzrest,,
Holzspinne,,
Holzstein,,
Holzwespe,,
Honig-Dachs,,
Honig-Stein,,
Honigkuckuck,,
Honigstein,,
Horn-Erz,,
Horn-Erzes,,
Hornblenda,,
Hornblende,http://www.wikidata.org/entity/Q1057300,
Hornblendeschiefer,,
Hornertz,,
Hornerz,http://www.wikidata.org/entity/Q410592 http://www.wikidata.org/entity/Q410592,
Hornhaut,,
Horniße,,
Hornschiefer,,
Hornstein,http://www.wikidata.org/entity/Q2647337,
Hottentotte,,
Hottentotten,,
Hottentottin,,
Hüftbeine,,
Hüftknochen,,
Hüftpfanne,,
Hühneraugen,,
Hühnerey,,
Hühnerhund,,
Hühnern,,
Hühnerschwanz,,
Hummel,http://www.wikidata.org/entity/Q2094724,
Hundegeschlecht,,
Hunden,,
Hüner,,
Hyacinth,,
Hyalit,,
Hymen,,
Hypochonder,http://www.wikidata.org/entity/Q105434 http://www.wikidata.org/entity/Q105434,
I´iwi,,
Ichthyolithen,,
Ilk,,
Iltise,,
Imme,,
Immenwolf,,
Immewolf,,
Inder,,
Indianern,,
Indianers,,
indianische+Rabe,,
indianische+Sperling,,
indianische+Vogelnester,,
indianischer+Rabe,,
indianischer+Speck,,
Indicolith,,
Infusions-Thierchen,,
Infusionsthierchen,,
Infusionstierchen,,
Insecten,,
Instinkt,,
Intestinal-Würmer,,
Iprump,,
Irländer,,
Isländer,,
isländischer+Achat,,
isländischer+Crystall,,
Italiener,,
Italieners,,
Jacapa,,
Jaco,,
Jacobsmuschel,,
Jaculis,,
Jacute,,
Jagdhund,http://www.wikidata.org/entity/Q38774,
Jakuten,,
Java,,
Javaner,,
Jerboa,,
Jochbein,http://www.wikidata.org/entity/Q186102 http://www.wikidata.org/entity/Q186102,
Jochbeine,,
Jochbeinen,,
Jochfisch,,
Johannis-Blut,,
Johannis-Würmchen,,
Juda-Schlange,,
Jude,,
Juden-Pech,,
Juden-Stein,,
Judenpech,,
Jungfern-Quecksilber,,
Jungfernmeise,,
Juniuskäfer,,
Jupujuba,,
Juwelen-Colibrit,,
Juwelen-Käfer,,
Juwelenkäfer,,
Kabardiner,,
Kabau,,
Kabuglen,,
Kachexien,,
Kackerlacke,,
Kackerlacken,,
Käfern,,
Kahau,,
Kahau+Bantagan,,
Kaiman,,
Kaisaken,,
Kalekuter,,
Kaliformer,,
Kalifornier,,
Kalin,,
Kalk,,
Kalk-Erde,,
Kalk-Mergel,,
kalkartiges+Gestein,,
Kalkerde,,
Kalkröhrenwurm,,
Kalksinter,http://www.wikidata.org/entity/Q1362288,
Kalkspat,http://www.wikidata.org/entity/Q171917 http://www.wikidata.org/entity/Q171917,
Kalkspath,,
Kalkspathcristallen,,
Kalkspathcrystallen,,
Kalkstein,http://www.wikidata.org/entity/Q23757,
Kalmücke,,
Kalmucken,,
Kalmückenachat,,
Kameel,,
Kamelhals,,
Kamenoemaslo,,
Kamm-Muschel,,
Kamm-Muscheln,,
Kämmelthier,,
Kampf-Hahn,,
Kampfhahn,,
Kamtschadale,,
Kamtschadalen,,
Kanarienvögel,,
Känguruh,,
Kaninchen,,
Kanker,,
Kannelkohle,,
Kaolin,http://www.wikidata.org/entity/Q908663,
Kapvögel,,
Karaiben,,
Karaibenschädel,,
Karaibin,,
Karechel,,
Karpe,,
Karpfe,,
Karpfenkopf,,
Kaschelong,,
Kascholong,,
Käsemilbe,,
Kasquen,,
Kastizen,,
Katzenauge,,
Katzengold,http://www.wikidata.org/entity/Q50769 http://www.wikidata.org/entity/Q50769,
Katzenstein,,
Kaul-Bars,,
Kaulquappen,,
Kauri,,
Käutzlein,,
Kefekil,,
Kehldeckel,,
Kelleresel,,
Kernbeisser,,
Keulenschwämmen,,
Kharkov,,
Kibitz,,
Kickfrosch,,
Kiefenfuß,,
Kiefer-Deckel,,
Kiefer-Haut,,
Kieferdeckel,,
Kiesel,,
Kiesel-Erde,,
Kiesel-Schiefer,,
Kieselerde,,
Kieselgeschlecht,,
Kieselholz,,
Kieselschiefer,,
Kieselsinter,http://www.wikidata.org/entity/Q1362288,
Kieselzinkerz,http://www.wikidata.org/entity/Q408008,
Killkeffi,,
Kin-ju,,
Kinkhorn,,
Kinn,http://www.wikidata.org/entity/Q82714,
Kinnbacken,http://www.wikidata.org/entity/Q180284,
Kinnbackenfortsätze,,
Kinnbackenknochen,,
Kinnlade,,
Kinnladenknochen,,
Kinnladenwölbung,,
Kirgis-Kaisake,,
Kirgis-Kaisaken,,
Kirgise,,
Kirgisen,,
Kirschfink,,
Kirschvogel,,
Klapperstein,,
Klebpfost,,
Kleidermotten,,
kleine+Fuchs,,
Kleisteraal,,
Klingstein,http://www.wikidata.org/entity/Q1257550,
Klipdas,,
Klippfisch,http://www.wikidata.org/entity/Q213725,
Klipprose,,
Klosterwenzel,,
Klumpfisch,,
Kneifer,,
Kniekehlenmuskel,,
Kniescheibe,http://www.wikidata.org/entity/Q229081,
Knochenhöhle,,
Knorpelband,,
Knotennabel,,
Knurrhahn,,
Kobalt,http://www.wikidata.org/entity/Q740 http://www.wikidata.org/entity/Q740 http://www.wikidata.org/entity/Q137559,
Kobalt-Erze,,
Kobalt-Vitriol,,
Kobaltbeschlag,,
Kobaltblüthe,,
Kobaltgeschlecht,,
Kobaltglanz,http://www.wikidata.org/entity/Q410396 http://www.wikidata.org/entity/Q410396,
Kobaltit,,
Kobellerche,,
Kobelt,,
Koboldglanz,,
Kohle,http://www.wikidata.org/entity/Q24489 http://www.wikidata.org/entity/Q24489 http://www.wikidata.org/entity/Q24489,
Kohlenblende,,
Kohlenschiefer,,
Kohlenstoff,http://www.wikidata.org/entity/Q623 http://www.wikidata.org/entity/Q623 http://www.wikidata.org/entity/Q623,
Kohltaube,,
Kohlweißling,,
Kolk-Rabe,,
Kolumbachische+Mücke,,
Königs-Corall,,
Königsmantel,,
Koraeke,,
Koralle,,
Korallenaufwachsungen,,
Korkorre,,
Kornferkel,,
Kornfink,,
Kornwurm,,
Kosacken,,
Kosaken,,
Kostromers,,
Kothbahn,,
Kothhahn,,
Krähen,,
Krake,,
Krametsvogel,,
Krammetsvogel,,
Krampffisch,,
Krampfisch,,
Krasnoi+Cholmerin,,
Kräusel,,
Kräuselschnecke,,
Kräuter-Schiefer,,
Kräuterschiefer,,
Krebs,http://www.wikidata.org/entity/Q12078 http://www.wikidata.org/entity/Q12078 http://www.wikidata.org/entity/Q1211742,
Krebsen,,
Kreide,http://www.wikidata.org/entity/Q183670,
Kreide-Kiesel,,
Kreolen,,
Kretinenkrankheit,,
Kretinism,,
Kreuzbein,http://www.wikidata.org/entity/Q233316,
Kreuzcrystall,,
Kreuzkäfer,,
Kreuzstein,http://www.wikidata.org/entity/Q1788442 http://www.wikidata.org/entity/Q1788442,
Krimmbewohner,,
Kronvogel,,
Kröpfer,http://www.wikidata.org/entity/Q5192262 http://www.wikidata.org/entity/Q5192262,
Kropfgans,,
Kropftaube,http://www.wikidata.org/entity/Q5192262 http://www.wikidata.org/entity/Q5192262,
Kröte,,
Krummschnabel,,
Krünitz,,
Krup-Hahn,,
Kruppe,,
Küchenschabe,,
Kuckucksbeins,,
Kuckuk,,
Kuckuksbein,,
Kuckukspeichel,,
Kugelthier,,
Kuhnhahn,,
Kulan,,
Kümmelkäfer,,
Kupfer,http://www.wikidata.org/entity/Q753 http://www.wikidata.org/entity/Q753,
Kupfer+Erz,,
Kupfer+Ziegel+Erz,,
Kupfer-Erz,,
Kupfer-Erze,,
Kupfer-Erzen,,
Kupfer-Glas,,
Kupfer-Leber-Erz,,
Kupfer-Pech-Erz,,
Kupfer-Vitriol,,
Kupferblau,,
Kupfereisenerz,http://www.wikidata.org/entity/Q111044,
Kupfergeschlecht,,
Kupferglas,,
Kupfergrün,http://www.wikidata.org/entity/Q407485,
Kupferkies,http://www.wikidata.org/entity/Q111044,
Kupferlasur,http://www.wikidata.org/entity/Q108212,
Kupferlebererz,,
Kupfermalachit,,
Kupfernickel,http://www.wikidata.org/entity/Q649090,
Kupfersand,,
Kupferschiefer,,
Kupferschwärze,,
Kupferwasser,,
Kürbskernwürmer,,
Kurskers,,
Kutte,http://www.wikidata.org/entity/Q1794702,
Kuttelfisch,,
Kybitz,,
Laab,,
Laberdan,,
Labradorstein,,
Lachs,,
Lachs-Forelle,,
Lachsforelle,,
Lackwurm,,
Lämmergeyer,,
Land-Schnecken,,
Landkrabbe,,
Landlibelle,,
Landthiere,,
Landvögel,,
Langköpfe,,
Langkopfs,,
Lappe,,
Lappen,,
Lappin,,
Lappländer,,
lar,,
Larve,,
Lasur,,
Lasurstein,,
Laternträger,,
Laubblatt,,
Laubfrosch,,
Laugensalz,,
Laus,,
Läuse,,
Lava,http://www.wikidata.org/entity/Q40157,
Lavaglas,,
Lavezzstein,,
Layenstein,,
Lazarusklappe,,
Leber,http://www.wikidata.org/entity/Q9368,
Leber+Ertz,,
Leber-Erz,,
Leberblasengänge,,
Leberkies,,
Leberstein,,
Lederkobalt,,
Lehmen,,
Leichdorn,,
Leming,,
Lemming,,
lemnische-Erde,,
Lendenwirbel,,
Lenticuliten,,
Lesghier,,
Lesghiers,,
Letten,http://www.wikidata.org/entity/Q49540,
Letter-Schulpe,,
Letterschulpe,,
Leucit,http://www.wikidata.org/entity/Q419201,
Leukäthiopie,,
Leuzit,http://www.wikidata.org/entity/Q419201,
Levkäthiopie,,
Leyermann,,
Libelle,http://www.wikidata.org/entity/Q18062511,
Libellenlarve,,
Liebespfeil,,
Liebig,,
Ligament,http://www.wikidata.org/entity/Q39888,
Lilienkäfer,,
Lilienstein,,
Lilienvogel,,
Lillalit,,
Limerick,,
Linkshörnchen,,
Linsen-Erz,,
Linsenstein,,
Linsensteine,,
Litthauers,,
Llacma,,
Llacmas,,
Loben,,
Löffelänte,,
Löffelgans,,
Lombarden,,
Lotophagen,,
Löwen,,
Luchs,,
Luchssteine,,
Luftröhren,,
Lumer,,
Lunge,http://www.wikidata.org/entity/Q7886,
Lux-Saphir,,
Lydischer+Stein,,
Macassarin,,
Macku-Kawa,,
Mackukawa,,
Made,http://www.wikidata.org/entity/Q853811,
Madenfarn,,
Madenstein,,
Madreporen,,
Madreporit,,
Madreporiten,,
Madurese,,
Magnesia,,
Magnesium,http://www.wikidata.org/entity/Q660 http://www.wikidata.org/entity/Q660,
Magnet,http://www.wikidata.org/entity/Q11421 http://www.wikidata.org/entity/Q11421,
Magnet-Eisensand,,
Magnet-Eisenstein,,
Magneteisensand,,
Magneteisenstein,http://www.wikidata.org/entity/Q181395 http://www.wikidata.org/entity/Q181395,
Magnetit,http://www.wikidata.org/entity/Q181395 http://www.wikidata.org/entity/Q181395,
Magnetkies,http://www.wikidata.org/entity/Q421944,
magot,,
Mahlermuschel,,
Maisdieb,,
Mak-kukwa,,
Makako,,
Maki,,
Makis,,
Makkukawa,,
Malachit,http://www.wikidata.org/entity/Q164411,
Malachit+Cruste,,
Malachitdruse,,
Malachitniere,,
Malayen,,
Malayisch,,
malayische+Rasse,,
Malpighische+Netz,,
Maltha,,
Mammutsknochen,,
Manacanie,,
Manacanit,,
Manate,,
Mandelstein,http://www.wikidata.org/entity/Q1397592,
Mandril,,
Mansfelderz,,
Marcasit,,
Marcolph,,
Marekanstein,,
Marienglas,http://www.wikidata.org/entity/Q429768,
Marienkuh,,
Marmor,http://www.wikidata.org/entity/Q40861 http://www.wikidata.org/entity/Q40861,
Marquesaner,,
Mars,http://www.wikidata.org/entity/Q31305 http://www.wikidata.org/entity/Q514860 http://www.wikidata.org/entity/Q514860,
Marxgöker,,
Masern,http://www.wikidata.org/entity/Q79793 http://www.wikidata.org/entity/Q79793,
Mastdarm,,
Mastwurm,,
Mastwürmer,,
Mauer-Salz,,
Mauerkirchen,,
Mauerschwalbe,,
Mauerspecht,,
Maulesel,,
Maulthier,,
Maulthiere,,
Maulwurf,http://www.wikidata.org/entity/Q137350,
Maulwurfgrille,,
Maulwurfsgrille,,
Maurer-Bienen,,
Maurerbiene,,
Mayfisch,,
Maykäfer,,
Maywurm,,
Medaille,http://www.wikidata.org/entity/Q131647 http://www.wikidata.org/entity/Q131647 http://www.wikidata.org/entity/Q131647,
Meduse,,
Medusen-Palme,,
Medusenhaupt,,
Medusenpalme,,
Meer+Schaum,,
Meer-Barbe,,
Meer-Bohne,,
Meer-Nadel,,
Meer-Schnepfe,,
Meer-Schweinchen,,
Meer-Zahn,,
Meerälster,,
Meerbohne,,
Meergrundel,,
Meerkatze,,
Meerkazzen,,
Meernadel,,
Meernessel,,
Meerröhre,,
Meerschaum,http://www.wikidata.org/entity/Q2739455 http://www.wikidata.org/entity/Q414096,
Meerschnepfe,,
Meerschwein,,
Meertulpe,,
Meerzahn,,
Mehlkreide,,
Mehltau,,
Mehlthau,,
Mehlwurm,,
Melancholie,,
Melanit,http://www.wikidata.org/entity/Q105368 http://www.wikidata.org/entity/Q105368,
Melone+v+Berg+Carmel,,
Menacanit,,
Menilit,http://www.wikidata.org/entity/Q171058,
Mennige,,
Mensch,http://www.wikidata.org/entity/Q5 http://www.wikidata.org/entity/Q5 http://www.wikidata.org/entity/Q5,
Menschen-Skelet,,
Menschengeschlecht,,
Mergel,http://www.wikidata.org/entity/Q184053,
Mergel-Erde,,
Mergelnieren,,
Mergelschiefer,,
Mergelstein,http://www.wikidata.org/entity/Q184053,
Mergeltuff,,
Messer-Fisch,,
Messerfisch,,
Messerscheide,,
Messing,http://www.wikidata.org/entity/Q39782,
Mestisse,,
Mestiße,,
Mestißen,,
Mestize,,
Mestizen,,
Meteorite,,
Metzgerhund,,
Mexicaner,,
Miesmuschel,,
Miete,,
Milan,,
Milbe,,
Milchnapf,,
Milchquarz,,
Miliares,,
Milleporiten,,
Mimosenarten,,
mineralische+Mumie,,
mineralisches+Federharz,,
mineralisches+Laugensalz,,
Mingrelier,,
Mißpickel,http://www.wikidata.org/entity/Q191939 http://www.wikidata.org/entity/Q191939,
Mißpickelsilber,,
Mistelbeeren,,
Mistfink,,
Mistler,,
Moccastein,,
Mochhastein,,
Mohren,,
Mohrin,,
Mohrs,,
Molch,http://www.wikidata.org/entity/Q457496,
Molle,,
Moluckischer+Krebs,,
Molybdän,http://www.wikidata.org/entity/Q1053 http://www.wikidata.org/entity/Q1053 http://www.wikidata.org/entity/Q1053,
Molybdängeschlecht,,
Monatsfluß,,
Mönch,http://www.wikidata.org/entity/Q733786,
Mondkälbern,,
Mondmilch,http://www.wikidata.org/entity/Q1754064,
Mondmlich,,
Mondstein,http://www.wikidata.org/entity/Q430034,
Mongolen,,
Mongolisch,,
mongolische+Rasse,,
Mongoz,,
Mongus,,
Monorchiden,,
Mook,,
Mooresfort,,
Moorhirse,,
Moormeise,,
Moosbiene,,
Moosweih,,
Moosweihe,,
Moriscen,,
Morito,,
Moschusthier,,
Moskite,,
Mosquito,,
Motte,http://www.wikidata.org/entity/Q92062,
Möve,,
Möwchen,,
Mücke,,
Muffelthier,,
Mulatte,,
Mulatten,,
Müllerisches+Glas,,
Müllersches+Glas,,
Mumie,http://www.wikidata.org/entity/Q43616,
Mumienkopf,,
Mungo,,
Münzensteine,,
Münzsteine,,
Muräne,,
Murkstein,,
Murmelthier,,
Murmelthiere,,
Muschel,,
Muschel-Marmor,,
Muschel-Steinkern,,
Muschelresten,,
Muschelseide,,
Muskel,http://www.wikidata.org/entity/Q7365,
Muskelkraft,,
Mutterbeschwerung,,
Mutterblutfluß,,
Mutterhäring,,
Mutterhering,,
Mutterkuchen,,
Mutterkuchens,,
Mütze,http://www.wikidata.org/entity/Q6147804,
Mytiliten,,
Nabelbläschen,,
Nabelblutader,,
Nabelhaut,,
Nabelschnur,,
Nachgeburt,,
Nachtigal,,
Nachtpfauenauge,,
Nachtrabe,,
Nachtvogel,,
Nachtvögel,,
Nagel-Erz,,
Nagelfluh,,
Nagelfluhe,,
Nagelschulpe,,
Nagethiere,,
Nagethieren,,
Nagyager-Erz,,
Nagyagererz,,
Nagyaker-Erz,,
Nagyakererz,,
Naia,,
Namiesterstein,,
Näpfchenkobalt,,
Napfschnecke,,
Naphta,,
Naphtha,,
Narbe,,
Narhwal,,
Nasenbeine,,
Nasenbluten,http://www.wikidata.org/entity/Q202013,
Nasengrund,,
Nasenknochen,,
Nasenscheide,,
Nationalgesichtsbildung,,
Natoliers,,
Natrum,,
Natter,,
Natter-Windel,,
Natterwindel,,
Naturgeschichte,http://www.wikidata.org/entity/Q484591 http://www.wikidata.org/entity/Q484591,
natürlicher+Sublimat,,
natürliches+Amalgama,,
natürliches+Berlinerblau,,
Nautilit,,
Neffe,http://www.wikidata.org/entity/Q15224724 http://www.wikidata.org/entity/Q15224724,
Neger,http://www.wikidata.org/entity/Q527295,
Negerhuhn,,
Negerin,,
Negerin+aus+Guinea,,
Negern,,
Negers,,
Negerschädel,,
Nephrit+Jade,,
Neptunus-Manchette,,
Neptunusmanschette,,
Neptunusschacht,,
Nerven,,
Nervenlehre,,
Nervenpaar,,
Nervensystem,http://www.wikidata.org/entity/Q9404,
Nervenwurm,,
Nesselvogel,,
Nestelwurm,,
Neufundländer,,
Neuholländer,,
Neuholländers,,
Neuntödter,,
Neuseeländer,,
Nickel,http://www.wikidata.org/entity/Q744 http://www.wikidata.org/entity/Q744,
Nickelgeschlecht,,
Nickelkalk,,
Nickelocher,,
Nickhaut,,
Nicolo,,
Nierenstein,,
Nieswurzel,,
Nigrin,,
Nigritiers,,
Nikawitz,,
Nil-Pferd,,
Nilpferde,,
Nischnei+Nowgoroders,,
Nitrum,,
Nitrum+der+Alten,,
Noahschulpe,,
Noddy,,
Nordcaper,,
Nordkaper,,
Norweger,,
Nosologie,,
Nußbeisser,,
Nußbeißer,,
Nußheher,,
Nymphen,,
Nymphomanie,,
Oberadmiral,,
Oberarmknochen,http://www.wikidata.org/entity/Q162595,
Oberkiefer,http://www.wikidata.org/entity/Q182895,
Oberkiefergrube,,
Oberlippe,,
Oberschenkelknochen,http://www.wikidata.org/entity/Q176503,
Obsidian,,
Ochse,http://www.wikidata.org/entity/Q473194,
Ochsen,,
Ochsenbremse,,
Ochsengeschlecht,,
Ocker,http://www.wikidata.org/entity/Q194191 http://www.wikidata.org/entity/Q194191,
Oehrling,,
Ohrhöhler,,
Ohrläppchen,,
Ohrschulpe,,
Ohrwurm,,
Oklavonen,,
Oktavonen,,
Oleandervogel,,
Oliven-Erz,,
Olivin,http://www.wikidata.org/entity/Q22693,
Oolithkalk,,
Opal,http://www.wikidata.org/entity/Q171058,
Opaljaspis,,
Opalsinter,,
Operment,http://www.wikidata.org/entity/Q419183 http://www.wikidata.org/entity/Q419183,
Opium,http://www.wikidata.org/entity/Q46452 http://www.wikidata.org/entity/Q46452,
Orang-Utang,,
Orange-Admiral,,
Orangenflagge,,
Orangutang,,
Oranutang,,
Orf,http://www.wikidata.org/entity/Q681970 http://www.wikidata.org/entity/Q681970,
Orgelcorall,,
Orgelwerk,,
Orlowers,,
Orthoceratiten,,
Osteogonie,,
Österreicher,,
Oxygens,,
Paduanerhahn,,
Palembangnese,,
Palmabohrer,,
Palmbohrer,,
Palmholz,,
Pansen,,
Pantherthier,,
Pantoffelmuschel,,
Panzerfisch,,
Panzerfischen,,
Panzerthier,,
Panzerthieren,,
Papagay,,
Papagayentaucher,,
Papagey,,
Papageyen,,
Papageytaucher,,
Papierlaus,,
Papiernautilus,,
Papirlaus,,
Pappelrosen,,
Pappelvogel,,
Papu,,
Papusmuschel,,
Paradisvogel,,
Patagonen,,
Pech-Blende,,
Pech-Erz,,
Pechblende,http://www.wikidata.org/entity/Q206467,
Pecherz,,
Pechkohle,,
Pechstein,http://www.wikidata.org/entity/Q1423205,
Peizker,,
Pelican,,
Pelzmotte,,
Pendulin,,
Pendulinmeise,,
Pentacriniten,,
Pentakrinit,,
Peperino,,
Pepevino,,
Perlen,,
Perlenmuschel,,
Perlenmuttermuschel,,
Perlenmutterschnecke,,
Perlenmuttervogel,,
Perlmutteropal,,
Perlstein,,
Perser,,
Perspectivschnecke,,
Peruaner,,
Pest,http://www.wikidata.org/entity/Q133780 http://www.wikidata.org/entity/Q133780,
Petrefact,http://www.wikidata.org/entity/Q40614,
Petrefacten,,
Petrefacten-Marmor,,
Petuntse,,
Pfahlwurm,,
Pfau,,
Pfauenauge,,
Pfauenspiegel,,
Pfauenstein,,
Pfauentaube,,
Pfefferfras,,
Pfefferfraß,,
Pfeffervogel,,
Pfeffervögel,,
Pfeifer,http://www.wikidata.org/entity/Q1713843,
Pfeilschwanz,,
Pferdelaus,,
Pferden,,
Pferdestecher,,
Pflanzenreich,,
Pflanzenrest,,
Pfrieme,,
Phaciten,,
Pharaonmaus,,
Pharaonsmaus,,
Phatagin,,
Phosphor,http://www.wikidata.org/entity/Q674 http://www.wikidata.org/entity/Q674 http://www.wikidata.org/entity/Q674,
Phosphor-Kalkstein,,
Pigment,http://www.wikidata.org/entity/Q161179 http://www.wikidata.org/entity/Q161179 http://www.wikidata.org/entity/Q910979,
Pimpelmeise,,
Pinguin,,
Pinit,,
Pisolithe,,
Pistacit,,
Pistazit,http://www.wikidata.org/entity/Q272844,
Plateis,,
Platin,http://www.wikidata.org/entity/Q880 http://www.wikidata.org/entity/Q880 http://www.wikidata.org/entity/Q880,
Platinblech,,
Platingeschlecht,,
Platinmünze,,
Plochtaube,,
Pocken,http://www.wikidata.org/entity/Q12214 http://www.wikidata.org/entity/Q12214,
Pole,,
Polirschiefer,,
polnische+Hammer,,
polnische+Sattel,,
polnischer+Hammer,,
Polynesier,,
Polyp,http://www.wikidata.org/entity/Q657665 http://www.wikidata.org/entity/Q1127371 http://www.wikidata.org/entity/Q5509014,
Polypen,,
Pommer,,
Porcellan+Erde,,
Porcellan-Erde,,
Porcellan-Jaspis,,
Porcellanerde,,
Porcellanjaspis,,
Porcellanschnecke,,
Porphyr,http://www.wikidata.org/entity/Q337238,
Porphyr-Schiefer,,
Porphyre,,
Porphyrischer+Vulkanit,,
Porphyrschiefers,,
Portsoy,,
Portsoy-Granit,,
Porzellanerde,http://www.wikidata.org/entity/Q908663,
Postizen,,
Posttaube,,
Potfisch,,
Pottasche,,
Prasem,,
Prebnit,,
Prehnit,http://www.wikidata.org/entity/Q422128,
Pricke,http://www.wikidata.org/entity/Q13499616,
Prinzenbegräbniß,,
Prinzenflagge,,
Prismenflächen,,
Probirstein,,
Prunkbock,,
Psalter,http://www.wikidata.org/entity/Q41064 http://www.wikidata.org/entity/Q956165 http://www.wikidata.org/entity/Q956165,
Puddingstein,http://www.wikidata.org/entity/Q191704,
Pulsader,http://www.wikidata.org/entity/Q9655,
Punammu,,
Punammustein,,
Punct-Corall,,
Punna,,
Pupille,,
Puppe,http://www.wikidata.org/entity/Q168658 http://www.wikidata.org/entity/Q1913135,
Purpur,http://www.wikidata.org/entity/Q3257809 http://www.wikidata.org/entity/Q3257809 http://www.wikidata.org/entity/Q5180360 http://www.wikidata.org/entity/Q5180360,
Purpurschnecke,,
Purpurstein,,
Puter,,
pyramidaler+Bergcrystall,,
Pyramidalkörpern,,
Quadrupeden,,
Quäkfink,,
Qualle,,
Qualle-Bootchen,,
Qualster,,
Quarteronen,,
Quarz,http://www.wikidata.org/entity/Q43010,
Quarz+crystallen,,
Quarz-Cäment,,
Quarz-Sand,,
Quarzcristallen,,
Quarzcrystall,,
Quarzcrystallen,,
Quarzkiesel,,
Quarzniere,,
Quatralven,,
Quecksiber-Leber-Erzes,,
Quecksilber,http://www.wikidata.org/entity/Q925 http://www.wikidata.org/entity/Q925,
Quecksilber-Branderz,,
Quecksilber-Erz,,
Quecksilber-Leber-Erz,,
Quecksilber-Schwefelleber-Erz,,
Quecksilber-Sublimats,,
Quecksilbergeschlecht,,
Queese,,
Quimos,,
Quinteronen,,
Raasch,,
Rabe,,
Raben,http://www.wikidata.org/entity/Q16738126,
Raben-Krähe,,
Racen,,
Rachitis,http://www.wikidata.org/entity/Q183392 http://www.wikidata.org/entity/Q183392,
Racke,,
Räderstein,,
Rädersteinthier,,
Räderthier,,
Rapp-Vögel,,
Rasen-Eisenstein,,
Rasselbecher,,
Ratel,,
Rattel,,
Ratz,,
Raubthiere,,
Raubvögel,http://www.wikidata.org/entity/Q48428,
Rauchcrystall,,
Räucherklaue,,
Rauchfuß,,
Rauchkrystall,,
Rauchquarz,http://www.wikidata.org/entity/Q429935,
Rauchtopas,,
Raupen,,
Raupentödter,,
Rauschgelb,http://www.wikidata.org/entity/Q419183 http://www.wikidata.org/entity/Q419183,
Realgar,http://www.wikidata.org/entity/Q109746,
Rebensticher,,
Regenbogenhaut,,
Regenpfeiffer,,
Regenwürmern,,
Rehchen,,
Rehe,,
Reider,,
Reisdley,,
reißblei,,
reißbley,,
Reißbrey,,
Reisvogel,,
Reiter,http://www.wikidata.org/entity/Q1365155 http://www.wikidata.org/entity/Q2730732,
Reitwurm,,
Rellmaus,,
Remitz,,
Rennthiere,,
Rennthiertungusen,,
Renommist,,
Renthier,,
Renthierbremse,,
Renthiere,,
Reproduktionsvermögen,,
Rhinocer,,
Rhinocere,,
Riehwurm,,
Riesen-Schildkröte,,
Rindenstein,,
Rindvieh,,
Ringel-Matter,,
Ringelmotte,,
Ringelraupe,,
Ringtaube,,
Rippen,,
Robbe,,
Rogen,http://www.wikidata.org/entity/Q219426,
Rogenstein,,
Roggenstein,,
Rohöl,http://www.wikidata.org/entity/Q3412078,
Röhren-Corall,,
Röling,,
Rollschwanz,,
Römer,http://www.wikidata.org/entity/Q6453403 http://www.wikidata.org/entity/Q13383336 http://www.wikidata.org/entity/Q13383336 http://www.wikidata.org/entity/Q13383336 http://www.wikidata.org/entity/Q13383336,
Röschgewächs,,
Rosenbiene,,
Rosenquarz,http://www.wikidata.org/entity/Q429911,
Rosomack,,
Roß-Ameise,,
Rotang,,
Rotbleierz,http://www.wikidata.org/entity/Q422903 http://www.wikidata.org/entity/Q422903,
Roteisenstein,http://www.wikidata.org/entity/Q103223 http://www.wikidata.org/entity/Q103223,
roter+Granit,,
Roth+Bleyerz,,
Roth-Eisenocher,,
Roth-Eisenram,,
Roth-Eisenstein,,
Rothbart,,
Rothbrüstchen,,
Rothdrossel,,
rothe+Augenspiegel,,
rothe+Corall,,
Rothe+todte+liegende,,
Rotheisenstein,,
Röthel,,
Rother+Glaskopf,,
Rother+Granat,,
rother+Quarz,,
rother+Schörl,,
Rothfink,,
Rothfisch,,
Rothgans,,
Rothgülden,,
Rothhahn,,
Rothkehlchen,,
Rothschimmel,,
Rothspecht,,
Rotzkolbe,,
Rübenweißling,,
Rubin,http://www.wikidata.org/entity/Q43088,
Rubinblende,,
Rubinschwefel,http://www.wikidata.org/entity/Q109746,
Rückenmark,http://www.wikidata.org/entity/Q9606,
Rückgrad,,
rugose+Koralle,,
Ruinen-Marmor,,
Runengranit,,
Runit,,
Russe,,
Rüsselaffe,,
Russen,,
Russin,,
russisches+Frauenglas,,
Ruthe,,
Ruthene,,
Rutil,http://www.wikidata.org/entity/Q320603 http://www.wikidata.org/entity/Q320603,
Rutil-Einschlüssen,,
Ruttengeyer,,
Sack-Nadel,,
Sacknadel,,
Saftgefäße,,
Saftgefäßen,,
Sägenfliege,,
Salam+Rubin,,
Salm,,
Salmiak,http://www.wikidata.org/entity/Q2451851 http://www.wikidata.org/entity/Q2451851,
Salpeter,http://www.wikidata.org/entity/Q11183742 http://www.wikidata.org/entity/Q11183742,
Salpeter-Erde,,
Salpetersäure,,
Saltatros,,
Salzsäure,,
Samenthierchen,,
Sammet-Erde,,
Sammterde,,
Samojede,,
Samojeden,,
Sand,http://www.wikidata.org/entity/Q34679 http://www.wikidata.org/entity/Q34679,
Sandarac,,
Sandfisch,,
Sandiger+Thallit,,
Sandköcher,,
Sandkrabbe,,
Sandlaufer,,
Sandmarmor,,
Sandstein,http://www.wikidata.org/entity/Q13085,
Sandstein-Schiefer,,
Sangdrossel,,
Sanguinchen,,
Saphir,http://www.wikidata.org/entity/Q127583,
Saphir+der+Alten,,
Sapphirus+der+Alten,,
Sapropelkohle,,
Sardelie,,
Sarmaten,http://www.wikidata.org/entity/Q162858,
sarmatischen+Litthauers,,
Sattel,http://www.wikidata.org/entity/Q1186738,
Saturnit,,
Satyriasis,,
Sauerstoff,http://www.wikidata.org/entity/Q629 http://www.wikidata.org/entity/Q629 http://www.wikidata.org/entity/Q629,
Sauge-Schwamm,,
Saugefisch,,
Säugethier,,
Säugethiere,,
Säugethieren,,
Säugthier,,
Säugthiere,,
Säugthieren,,
Säulen-Basalts,,
Säulenspath,,
Saurus,,
Saustein,,
Schaaf,,
Schaafe,,
Schaambeine,,
Schade,http://www.wikidata.org/entity/Q481609,
Schädelformen,,
Schädelfragment,,
Schädelsammlung,,
Schaf,,
Schafbremse,,
Schafcamel,,
Schafen,,
Schäferhund,http://www.wikidata.org/entity/Q38390,
Schaflaus,,
Schafwasssr,,
Schakal,,
Scharlachfieber,,
Scharlachwurm,,
Schars,,
Schaum-Erde,,
Schaum-Thon,,
Schaumwurm,,
Scheel,,
Scheerschwänzel,,
Scheidewand,,
Scheidewände,,
Scheidfisch,,
Scheitelbeine,,
Schenkelbeine,,
Schenkelbeins,,
Schenkelknochen,,
Scherbenkobalt,,
Scherschwänzel,,
Schiefer,http://www.wikidata.org/entity/Q207079,
Schiefer-Thon,,
Schieferkohle,,
Schieferspath,,
Schieferthon,,
Schieferton,http://www.wikidata.org/entity/Q1932127 http://www.wikidata.org/entity/Q1932127,
Schiel,,
Schienbein,http://www.wikidata.org/entity/Q178366,
Schienenbeinknochen,,
Schiffboot,,
Schiffkuttel,,
Schiffwurm,,
Schildkröte,,
Schildläusen,,
Schillerspath,,
Schillervogel,,
Schimpansee,,
Schindelnägel,,
Schinesen,,
Schinke,,
Schlagadern,,
Schlagtaube,,
Schlammbeisker,,
Schlange,,
Schlangenauge,,
Schlangenhaut,,
Schlangenkopf,,
Schlangenköpfchen,,
Schlangenzunge,,
Schleiertaube,,
Schleihe,,
Schleimdrüse,,
Schleimfisch,,
Schlüsselbeine,,
Schmerling,,
Schmidt,,
Schnacke,,
Schnarre,,
Schnauzennadel,,
Schnecke,http://www.wikidata.org/entity/Q17052123,
Schnee-Ammer,,
Schneehuhn,,
Schneemeise,,
Schneevogel,,
Schneidervogel,,
Schneidestein,,
Schneidezähne,http://www.wikidata.org/entity/Q273543,
Schneidezahnloch,,
Schnekkenkrebse,,
Schnepse,,
Schnerz,,
Schooßbeine,,
Schörl,,
Schotte,,
Schrift-Erz,,
Schrifterz,http://www.wikidata.org/entity/Q414266,
Schriftgranit,,
Schrotwurm,,
Schubut,,
Schulterblatt,http://www.wikidata.org/entity/Q16336,
Schupp,,
Schuppen,http://www.wikidata.org/entity/Q721931 http://www.wikidata.org/entity/Q721931 http://www.wikidata.org/entity/Q188488,
Schuppenthier,,
Schuppenthiere,,
Schuster,http://www.wikidata.org/entity/Q152355 http://www.wikidata.org/entity/Q2624041 http://www.wikidata.org/entity/Q2624041 http://www.wikidata.org/entity/Q5873477,
Schwalbe,,
Schwalbenschwarz,,
Schwamm,,
Schwammstein,,
Schwanzbein,,
Schwanzbeinwirbel,,
Schwarz-Eisenstein,,
schwarze+Corall,,
schwarze+Kreide,,
schwarzer+Bernstein,,
schwarzer+Börnstein,,
Schwarzgülden,,
Schwefel,http://www.wikidata.org/entity/Q682 http://www.wikidata.org/entity/Q682 http://www.wikidata.org/entity/Q682,
Schwefelkies,http://www.wikidata.org/entity/Q50769 http://www.wikidata.org/entity/Q50769,
Schweinen,,
Schweinhirsch,,
Schweizer,,
Schwer-Erde,,
Schwererde,,
Schwerspat,http://www.wikidata.org/entity/Q184196,
Schwerspath,,
Schwerspath-Erde,,
Schwerspatstein,,
Schwerstein,,
Schwerstein-Metall,,
Schwimmblase,http://www.wikidata.org/entity/Q206732,
Schwimmschnecke,,
Scorpion,http://www.wikidata.org/entity/Q835135 http://www.wikidata.org/entity/Q376984,
Scorpione,,
Scorpionfliege,,
Secretär,,
Sedativ-Spath,,
Sedativspath,,
Sedimentgesteine,http://www.wikidata.org/entity/Q82480,
See-Anemone,,
See-Anemonen,,
See-Conchylien,,
See-Eichel,,
See-Einhorn,,
See-Garneele,,
See-Hase,,
See-Igel,,
See-Igeln,,
See-Kork,,
See-Mäuse,,
See-Pferdchen,,
See-Schildkröte,,
See-Stern,,
See-Sterne,,
See-Sternen,,
Seebär,,
Seebrachse,,
Seeconchylien,,
Seeeinhorn,,
Seefeder,,
Seehopfen,,
Seehose,,
Seeigel-Stacheln,,
Seekork,,
Seelerche,,
Seepalme,,
Seepocke,,
Seeraupe,,
Seespinne,,
Seespinnen,,
Seetonne,,
Seetrauben,,
Seewier,,
Seewolf,,
Segelvogel,,
Sehne,,
Sehnerven,,
Seiden-Wurm,,
Seidenhase,,
Seidenmuschel,,
Seidenwürmer,,
Seifenstein,,
Seifenstern,,
Seifenwerke,,
Seifenwerken,,
Selenit,,
Senegal-Gummi,,
Sengo,,
Serpentinstein,,
Sevenbaum,,
Sexualorgane,,
Sieb-Biene,,
Siebbiene,,
Siedenwurm,,
Siegel-Erde,,
Silber,http://www.wikidata.org/entity/Q1090 http://www.wikidata.org/entity/Q1090 http://www.wikidata.org/entity/Q1090 http://www.wikidata.org/entity/Q1090 http://www.wikidata.org/entity/Q317802,
Silbererz,,
Silberfuchs,,
Silbergeschlecht,,
Silberschwärze,,
Silder,,
Simbipuri,,
Sinesen,,
Sineser,,
Singevögel,,
Sittig,,
Sitzbeine,,
Slavonier,,
Slowene,,
Smaragd,http://www.wikidata.org/entity/Q43513,
Smaragdpraser,,
Smaragdquarz,,
Smirgel,,
Soda,http://www.wikidata.org/entity/Q427329,
solitäre+Korallen,,
Solöcismen,,
Sommerkind,,
Sommersprossen,,
Sonnengeyer,,
Sonnenkäfer,,
Spanier,,
spanische+Fliege,,
spanische+Kreide,,
Spannaderband,,
Spannraupen,,
Spargelstein,,
Spath,,
Spath-Eisenstein,,
Spatz,,
Specht,,
Speckbauer,,
Speckhauer,,
Speckmaus,,
Speckstein,,
Specksteitz,,
Speiseröhre,,
Speiskobalt,http://www.wikidata.org/entity/Q417274,
Sperling,,
Spiegel-Eisen,,
Spiegelspath,,
Spielart,,
Spielarte,,
Spielarten,,
Spiesglas,,
Spießglanz,,
Spießglas,http://www.wikidata.org/entity/Q421831,
Spießglas-Erz,,
Spießglas-Ocher,,
Spießglas-Silber,,
Spießglasgeschlecht,,
Spinell,http://www.wikidata.org/entity/Q191310,
Spinne,,
Spinnejungfer,,
Spinnen,,
Spinnenkopf,,
Spinnenstecher,,
Spitz,http://www.wikidata.org/entity/Q854787,
Spitzzähne,,
Splint,,
Sporangien,http://www.wikidata.org/entity/Q461275,
Sprebe,,
Sprehe,,
Springbock,,
Springhaase,,
Springhase,,
Springkäfer,,
Sprot-Erz,,
Sprotte,,
Sprudelstein,http://www.wikidata.org/entity/Q1760214,
Spuhlwurm,,
Spuhlwürmer,,
Staar,,
Staarholz,,
Stab-Eisen,,
Stachelbauch,,
Stacheln,,
Stachelroche,,
Stachelschwein,,
Stachelschweinmann,,
Stahlstein,http://www.wikidata.org/entity/Q192669,
Stahre,,
Stalactit,,
Stammstück,,
Stangenkohle,,
Stangenschörl,,
Stangenspath,,
Stangenstein,,
Stänkerratz,,
Stannern,,
Staubbeutel,,
Staubfäden,,
Staubweg,,
Stauden-Corall,,
Stechfliege,,
Steckmuschel,,
Stein-Eisen-Meteorit,http://www.wikidata.org/entity/Q1751315,
Steinbach,,
Steinbeil,http://www.wikidata.org/entity/Q1540412,
Steinbock,,
Steinbohrer,,
Steinbutte,,
Steinbutter,,
Steindock,,
Steineule,,
Steinfisch,,
Steinfuchs,,
Steinkern,,
Steinkohle,http://www.wikidata.org/entity/Q732607,
Steinmark,,
Steinmeteorit,http://www.wikidata.org/entity/Q1640168,
Steinoehl,,
Steinöhl,,
Steinpietsche,,
Steinsalz,http://www.wikidata.org/entity/Q2341557,
Steinschwalbe,,
Steisbein,,
Steißmuskeln,,
Sterbevogel,,
Stern+Corall,,
Sternberger+Gestein,,
Sternseher,,
Sternspath,,
Sternspindel,,
Stibnit,http://www.wikidata.org/entity/Q421831,
Stichling,http://www.wikidata.org/entity/Q1597816,
Stieglitze,,
Stier,http://www.wikidata.org/entity/Q693690 http://www.wikidata.org/entity/Q693690,
Stinkstein,,
Stinkthier,,
Stirn,http://www.wikidata.org/entity/Q41055,
Stirnknochen,,
Stockfisch,http://www.wikidata.org/entity/Q213725,
Storch,,
Stoßmaus,,
Stoßzähne,http://www.wikidata.org/entity/Q185635,
Strahlgyps,,
Strahlkies,,
Strahlstein,http://www.wikidata.org/entity/Q104692,
Strandmuschel,,
Straus,,
Strip-Erz,,
Strombiten,,
Strömling,,
Strontian,,
Strontian-Erde,,
Strontianit,http://www.wikidata.org/entity/Q422827,
Sturmhaube,http://www.wikidata.org/entity/Q211003 http://www.wikidata.org/entity/Q740507 http://www.wikidata.org/entity/Q740507,
Sturmvogel,,
Stute,http://www.wikidata.org/entity/Q1104034,
Suasso,,
Südseeinsulaner,,
Sulphur,,
Sumpfvögel,,
surinamischer+Aeneas,,
Syenit,http://www.wikidata.org/entity/Q329118,
Taback,,
Tabaschir,,
Tafel-Schiefer,,
Tafelschörl,,
Tagvogel,,
Tagvögel,,
Tahitier,,
Tajassu,,
Talck-Erde,,
Talk,http://www.wikidata.org/entity/Q134583,
Talk-Erde,,
Talk-Schiefer,,
Talkerde,,
Talkgeschlecht,,
Talkglimmer,,
Talkschiefer,,
Talktrumm,,
Tamandua,,
Tanaga-Vulkans,,
Tannenfink,,
Tannenkäfer,,
Tannenmarder,,
Tannenpapagey,,
Tannhirsch,,
Tarantel,,
Tarokan,,
Tarras,,
Tasche,,
Tastungsorgan,,
Tatar,,
Tatare,,
Tataren,,
Tatarn,,
Tatu,,
Tatv,,
Taube,http://www.wikidata.org/entity/Q2984138,
Taubenfalke,,
Taubenschwanz,,
Taucher,,
Taucherchen,,
Telkobanjerstein,,
Telliniten,,
Tellurgeschlecht,,
Terceronen,,
Termite,,
Terrier,,
Teufel,,
Teufelchen,,
Teufelsklaue,,
Teufelsnadel,,
Thallit,,
Thon,,
Thon-Cäment,,
Thon-Eisenstein,,
Thon-Erde,,
Thon-Mergel,,
Thon-Schiefer,,
Thoneisenstein,,
Thonerde,,
Thongeschlecht,,
Thonschiefer,,
Thränendrüse,,
Thränengruben,,
Thumerstein,,
Thunfisch,,
Thunnfisch,,
Thurmschwalbe,,
Tibetaner,,
Tieger,,
Tiger,,
Tigerbein,,
Tigererz,,
Tigerthier,,
Tigerzunge,,
Timochin,,
Tinkal,,
Tintenfisch,,
Tipperary,,
Titan+Spath,,
Titan-Metall,,
Titan-Sand,,
Titan-Schörl,,
Titangeschlecht,,
Titanium,,
Titankalk,,
Titanschörl,,
Titanspath,,
Tithan+Spath,,
Tod,http://www.wikidata.org/entity/Q4,
Todtengräber,,
Todtengräberkäfer,,
Todtenkäfer,,
Todtenkopf,,
Todtenuhr,,
Tomback,,
Ton,http://www.wikidata.org/entity/Q2717062,
Topas,http://www.wikidata.org/entity/Q134985,
Topasfels,,
Töpferthon,,
Topfstein,,
Tophus,,
Torf,http://www.wikidata.org/entity/Q184624,
Tragfüßige,,
Trampelthier,,
Trapp,,
Trappe,,
Traß,,
Tremolit,http://www.wikidata.org/entity/Q423051,
Tresalven,,
Trichuride,,
Trichuriden,,
Trilobit,,
Trilobiten-Schiefer,,
Tripel,,
Tripelschiefer,,
Trödelschecke,,
Trödelschnecke,,
Trommelschraube,,
Trommeltaube,,
Trompete,http://www.wikidata.org/entity/Q8338 http://www.wikidata.org/entity/Q8338 http://www.wikidata.org/entity/Q13424400,
Tropfchalcedon,,
Tropfstein,http://www.wikidata.org/entity/Q4984928,
Trophäenschädel,,
Truthöhn,,
Tschike,,
Tschude,,
Tschuktschen,,
Tschuwasch,,
Tschuwaschiers,,
Tsjanko-Schnecke,,
Tucan,,
Tuchstein,,
Tuffwacke,,
Tufwacke,,
Tümmler,http://www.wikidata.org/entity/Q16893198 http://www.wikidata.org/entity/Q16893198,
Tungstein,,
Tunguse,,
Tungusen,,
Türke,,
Türken,,
Türkis,http://www.wikidata.org/entity/Q165254 http://www.wikidata.org/entity/Q5960345,
Turmalin,http://www.wikidata.org/entity/Q179911,
Tute,,
Uferaas,,
Uferkiesel,,
Ukley,,
Umber,,
Ungar,,
Ungewittervogel,,
Unterkiefer,,
Unterkinnbackenbein,,
unverbrennliche+Steinkohle,,
unverdrennliche+Steinkohle,,
Uran,http://www.wikidata.org/entity/Q1098 http://www.wikidata.org/entity/Q1098,
Urangeschlecht,,
Uranglimmer,,
Uranocher,,
Uranspath,,
Urf,,
Urinblase,,
Vampyr,http://www.wikidata.org/entity/Q46721 http://www.wikidata.org/entity/Q46721,
Varietäten,,
Variolit,,
Varolsche+Brücke,,
Vater-Noah+Schulpe,,
Vebam,,
Venen,,
Venusfliegenwedel,,
Venusmuschel,,
Venusnabel,,
Venusschacht,,
versteinerten+Ziegenklauen,,
versteinertes+Holz,,
versteinte+Krabbe,,
Vesuvian,http://www.wikidata.org/entity/Q413399,
Viceadmiral,,
Vielarm,,
Vielfras,,
Vielfuß,,
Vierhändige,,
Violenvogel,,
Viper,http://www.wikidata.org/entity/Q677430 http://www.wikidata.org/entity/Q917156,
virginische+Nachtigal,,
virginische+Nachtigall,,
Vitriol,http://www.wikidata.org/entity/Q427282,
Viverren,,
Vogel,,
Vogeldarm,,
Vogelfalke,,
Vorderzähne,,
Vorhaut,,
vulcanische+Asche,,
vulcanisches+Glas,,
vulkanischer+Sand,,
Wachholder,,
Wachsopal,,
Wachtelhund,,
Wachteln,,
Wacke,,
Wadenmuskel,http://www.wikidata.org/entity/Q943203,
Waldfink,,
Waldmensch,,
Waldschnecke,,
Walghvogel,,
Walker-Erde,,
Wall+fische,,
Wall-Laus,,
Wallfisch,,
Wallfisch-Pocke,,
Wallfischen,,
Wallfischlaus,,
Wallpocke,,
Wallrath,,
Wallroß,,
Wallrotz,,
Wälscher+Hahn,,
wampum,,
wandelnde+Blatt,,
Wandlaus,,
Wanst,,
Wantzen,,
Wanze,,
Waschgold,,
Wasser-Jungfer,,
Wasser-Molch,,
Wasser-Molchen,,
Wasser-Salamander,,
Wasserbley,,
Wassereinschluss,,
Wassergeschwulst,,
Wassergeschwülsten,,
Wasserjungfer,,
Wasserkalb,,
Wasserkies,,
Wassermilbe,,
Wasserratte,,
Wasserratte,,
Wasserschlängelchen,,
Wasserschlangen,,
Wasserscorpion,,
Wasservögel,,
Weg-Schnecke,,
Wegetaube,,
Weichgewächs,,
Weichstein,,
Weidenraupe,,
Weidenzeisig,,
Weihe,,
Weinhandel,,
Weinhasel,,
Weinmotte,,
Weinraupe,,
Weinschröter,,
Weinvogel,,
Weiß-Erz,,
Weissbleierz,,
Weißdrossel,,
weiße+Ameise,,
weiße+Corall,,
weiße+Zinngraupen,,
weiße+Zwiebelschale,,
weißer+Granat,,
weißer+Stangenschörl,,
Weißerz,,
weißes+Fischbein,,
Weißfisch,,
Weißgülden,,
Wellenhorn,,
Weltauge,,
Wende,,
Wendeltreppe,http://www.wikidata.org/entity/Q12513,
Werre,,
Wespe,,
Wespen,http://www.wikidata.org/entity/Q9458574,
Wetterfisch,,
Wetz-Schiefer,,
Wetzschiefer,,
Wiesel,,
Wiesenschnarcher,,
Wildmarder,,
Windspiel,http://www.wikidata.org/entity/Q1621499,
Winterfink,,
Winterkönig,,
Winterraupe,,
Wippel,,
Wirbel,http://www.wikidata.org/entity/Q180323 http://www.wikidata.org/entity/Q303790,
Wirbelbeine,,
Wirbelhorn,,
Wismut,http://www.wikidata.org/entity/Q942 http://www.wikidata.org/entity/Q942 http://www.wikidata.org/entity/Q942,
Wismuth,http://www.wikidata.org/entity/Q942 http://www.wikidata.org/entity/Q942 http://www.wikidata.org/entity/Q942,
Wismuth-Erz,,
Wismuthgeschlecht,,
Wismuthglanz,,
Wismuthocher,,
Witherit,http://www.wikidata.org/entity/Q419260,
Witling,,
Witwe,,
Wölfe,,
Wolfram,http://www.wikidata.org/entity/Q743 http://www.wikidata.org/entity/Q743,
Wolfram-Erz,,
Wolframgeschlecht,,
Wolfsmilchraupe,,
Wollhuhn,,
Wulfenit,http://www.wikidata.org/entity/Q421092,
Wunder-Erde,,
Wundernetz,,
Würfling,,
Wurmröhre,,
Wurzelmaus,,
Yams-Wurzeln,,
Ygel,,
Zahnhölenrand,,
Zahnhölensaum,,
Zahnspindel,,
Zambaigen,,
Zamben,,
Zandes,,
Zäpfchen,,
Zäpfgen,,
Zaunschlupfer,,
Zebra,,
Zeichen-Schiefer,,
Zellgewebe,,
Zellgewebes,,
Zeolieth,,
Zeolith,,
Zeugungsstoff,,
Zeugungsstoffe,,
Zeugungsstoffes,,
Zibethkatze,,
Ziegel-Erz,,
Ziegenauge,,
Ziegengeschlecht,,
Ziegenklauen,,
Ziegenochse,,
Ziegensauger,,
Ziemer,,
Zigeuner,,
Zigeuners,,
Zink,http://www.wikidata.org/entity/Q758 http://www.wikidata.org/entity/Q758 http://www.wikidata.org/entity/Q204638,
Zink-Vitriol,,
Zinkblende,http://www.wikidata.org/entity/Q105006 http://www.wikidata.org/entity/Q105006,
Zinkcristalldruse,,
Zinkgeschlecht,,
Zinkocher,,
Zinkspat,http://www.wikidata.org/entity/Q152400,
Zinkspath,,
Zinkspathcristalle,,
Zinkspathcristallen,,
Zinn,http://www.wikidata.org/entity/Q1096 http://www.wikidata.org/entity/Q1096 http://www.wikidata.org/entity/Q1096,
Zinn-Erz,,
Zinn-Erzen,,
Zinngeschlecht,,
Zinngraupen,,
Zinnkies,http://www.wikidata.org/entity/Q419299,
Zinnober,http://www.wikidata.org/entity/Q737438,
Zinnstein,http://www.wikidata.org/entity/Q191222 http://www.wikidata.org/entity/Q191222,
Zipdrossel,,
Zirbeldrüse,,
Zirbelkörper,,
Zircon-Erde,,
Zirkon,http://www.wikidata.org/entity/Q178928,
Zirse,,
Ziselmaus,,
Zitter-Wels,,
Zitterfisch,,
Zitterroche,,
Zitterrochen,,
Zoologie,,
Zopftaube,,
Zuckervöglein,,
Zug-Heuschrecken,,
Zugtaube,,
Zunder-Erz,,
Zungenbein,http://www.wikidata.org/entity/Q16332,
zweiter+Halswirbel,,
Zwergfelle,,
Zwerghahn,,
zweybeinige+Bergmaus,,
Zweyhändige,,
Zwiebelschale,,
Zwischenkinnladenbein,,
Zwischenkinnladenbeine,,
Zwischenkinnladenbeins,,
Zwischenkinnladenknochen,,
Zwitter,http://www.wikidata.org/entity/Q303479,
Zwuntsche,,
Albators,,
Chalkopyrit,http://www.wikidata.org/entity/Q111044,
Chrysoberyll,http://www.wikidata.org/entity/Q422179 http://www.wikidata.org/entity/Q422179,
Chrysocolla,,
Chrysolith,http://www.wikidata.org/entity/Q22693,
Chrysopras,http://www.wikidata.org/entity/Q429960,
Dactylus+idaeus,,
Dorcas,,
Epidot,http://www.wikidata.org/entity/Q272844,
Gastrobranchus,,
Glossopetrae,,
Gryphaea+sp.,,
Helicit,,
Hydrargyrum,http://www.wikidata.org/entity/Q925 http://www.wikidata.org/entity/Q925,
Hydrocantharus,,
Hydrocorax,,
Hydrophan,,
Iynx,,
Lagopus,,
Lepidolith,http://www.wikidata.org/entity/Q429926,
Lithantrax,,
Lithomarga,,
Myoxus,,
Ophidium,,
Osteocolla,,
Palamedea,,
Peridot,http://www.wikidata.org/entity/Q22693,
Phacites,,
Phaëthon,,
Philomele,,
Phocaena,,
Plasma,http://www.wikidata.org/entity/Q10251,
Plotus,,
Psophia,,
Pyrrhomachus,,
Smectis,,
Staurolith,http://www.wikidata.org/entity/Q413380,
Tanagra,,
Tantalus,http://www.wikidata.org/entity/Q17144132,
Thos,,
Vranoscopvs,,
Abdominales,,
abies,,
abomasus,,
Acarus+aquaticus,,
Acarvs,,
acaules,,
Accipitres,,
acer+saccharinum,,
Actinocerat,,
Aculeata,,
Adamas,,
Adarce,,
aegagropilae,,
Aegagrus,,
Aegyptius,,
Aeneas,,
Aethiopicus,,
Africanus,,
Agilis,,
Agrestis,,
Aktinolith,http://www.wikidata.org/entity/Q104692,
alabastrites,,
Alabastro+antico,,
Alavda,,
Alce,,
Alcyon,,
Alcyonien,,
Alcyonivm,,
Alector,,
Allanit,http://www.wikidata.org/entity/Q168227 http://www.wikidata.org/entity/Q14949771,
Almandin,http://www.wikidata.org/entity/Q273663,
Alumen,http://www.wikidata.org/entity/Q190527,
Alunit,http://www.wikidata.org/entity/Q338106,
Aluta+montana,,
Amandaua,,
Americanus,,
Ampelis,,
Ampelites,,
Anarrhichas,,
Andalusit,http://www.wikidata.org/entity/Q192637,
angulus+ossis+sacri,,
Angvis,,
animalia+nocturna,,
animalia+subterranea,,
Anomia+vitrea,,
Anseres,,
anthera,,
Anthracolithus,,
Antimonit,http://www.wikidata.org/entity/Q421831,
Aquaticus,,
Aquatile,,
Aranea,,
Araucarioxylon+saxonicum,,
Araucarites+saxonicus,,
Arctomys,,
ardaise+cuivreuse,,
Argentit,http://www.wikidata.org/entity/Q422874,
argentum,,
Argilla+fullonum,,
Argonavta,,
Arsenopyrit,http://www.wikidata.org/entity/Q191939 http://www.wikidata.org/entity/Q191939,
arthrodia,,
artocarpus+incisa,,
Aruensis,,
arundo+bambus,,
ascaris+lumbricoides,,
Ascaris+vermicularis,,
Asiaticus,,
Asilvs,,
assa+foetida,,
Asylis,,
Attelabvs,,
Auellanarius,,
auerrhoa+carambola,,
Auratus,,
Auripigmentum,,
aurum,,
Avosetta,,
Axis,,
Azurit,http://www.wikidata.org/entity/Q108212,
Bactrianus,,
Barbatus,,
Bassanus,,
Batavi,,
Belemniten-Rostren,,
Belluae,,
BELLVAE,,
Bernicla,,
Berus,,
Biarmicus,,
Bimanus,,
BIMANVS,,
Biotit,http://www.wikidata.org/entity/Q105794,
Bismut,http://www.wikidata.org/entity/Q942 http://www.wikidata.org/entity/Q942 http://www.wikidata.org/entity/Q942,
bisulca,,
Blatta+byzantina,,
Blennivs,,
Bolus,,
bombax,,
Bombylivs,,
bombyx,,
brachionus+anastatica,,
Brachionvs,,
Brachyuri,,
Bradypoda,,
Bradypvs,,
Branchiostegi,,
Buffelus,,
Buphaga,,
Bvccinvm,,
Bvceros,,
Bvlla,,
Bvprestis,,
Caballus,,
cactus+grandiflorus,,
Cadochamoussetia+subpatruus,,
Caelebs,,
Calamites,,
Calcit,http://www.wikidata.org/entity/Q171917 http://www.wikidata.org/entity/Q171917,
calyptra,,
calyx,,
Camelopardalis,,
Camelvs,,
Canaria,,
Cancroma,,
Caninus,http://www.wikidata.org/entity/Q19625,
capitulum,,
Capricornus,,
Caprimvlgvs,,
Caput+medusae,,
Carabvs,,
Carassus,,
Carbo,,
carbonaceum+elementum,,
Carbones,,
Carbunculus,,
Cardivm,,
Cardui,,
carex+caespitosa,,
carlina+acaulis,,
Carpio,,
cartilaginei,,
Castor,http://www.wikidata.org/entity/Q650513,
casuarina+equisetifolia,,
cauda+prehensilis,,
cauda+saltatoria,,
Cavia,,
Cellvlaria,,
centipellio,,
Centriscvs,,
Cercopithecus,,
Cercopithecvs,,
Cerepidot,,
Cerin,,
Cernua,,
Cerussit,http://www.wikidata.org/entity/Q409122 http://www.wikidata.org/entity/Q409122,
cervix+ossis+femoris,,
Chaetetis+radians,,
Chalkanthit,http://www.wikidata.org/entity/Q407861 http://www.wikidata.org/entity/Q407861,
Chalkosin,http://www.wikidata.org/entity/Q278106 http://www.wikidata.org/entity/Q278106,
chaos+spermaticum,,
Charadrivs,,
Chernites,,
Chlorargyrit,http://www.wikidata.org/entity/Q410592 http://www.wikidata.org/entity/Q410592,
Chondropterygii,,
chorion,,
Chromium,http://www.wikidata.org/entity/Q725 http://www.wikidata.org/entity/Q725,
Chrysokoll,http://www.wikidata.org/entity/Q407485,
Cicade,,
Ciconia,,
Cinnabaris,,
Citrinella,,
clauariae,,
Clupea,,
Clvpea,,
Coaita,,
Cobaltin,http://www.wikidata.org/entity/Q410396 http://www.wikidata.org/entity/Q410396,
Coccinea,,
Coccineus,,
coccyx,,
COCHLEAE,,
Cölestin,,
Collurio,,
Columba,,
Colvber,,
Colymbus,,
Colymbvs,,
CONCHAE,,
condyli,,
contractilitas,,
conuoluulus+batatas,,
Convs,,
Coraces,,
Corallia,,
Corax,,
Corneus,,
Cornix,,
Cornu+ammonis,,
Cornutus,,
Coruix,,
Corundum,,
Corvvs,,
Coryphaena,,
Cottvs,,
cotyledones,,
crescentia+cujete,,
Crista+ilei,,
Cristata,,
Cristatus,,
Crotalvs,,
croton+sebiferum,,
CRVSTACEA,,
Cuniculus,,
Cuprit,http://www.wikidata.org/entity/Q407335 http://www.wikidata.org/entity/Q407335,
cuprum,,
Cutikel,,
Cvcvlvs,,
Cvrcvlio,,
cycas+circinalis,,
Cyclops,,
Cycloptervs,,
Cygnoides,,
Cygnus+cucullatus,,
Cynomolgus,,
cyperus+papyrus,,
Cyprinvs,,
dactyli+idaei,,
Dazit-Porphyr,,
Delphinvs,,
Delphis,,
Demantoid,http://www.wikidata.org/entity/Q105368 http://www.wikidata.org/entity/Q105368,
Dendriten-Jaspis,,
Dens+animaly+marini,,
Dens+ferotinus+Rhinocerotis,,
Dentalivm,,
dentes+exserti,,
Diaria,,
Didactyla,,
Didus,,
Didvs,,
Dilatilabrum+fortisii,,
dionaea+muscipula,,
dioscorea+alata,,
Domestica,,
domesticus,,
Draco,,
drupaceae,,
Dytiscvs,,
Echinvs,,
Edelopal,,
Edulis,,
Elaphus,,
Elaterit,,
Electrum,,
Elektrum,http://www.wikidata.org/entity/Q239481 http://www.wikidata.org/entity/Q239481,
Elephas+asiaticus,,
Elephas+mammonteus,,
Elephas+primigenius,,
elytra,,
Encrinvs,,
Entomolithus+paradoxus,,
entomostraca,,
Eqvites,,
Eqvvs,,
Erectus,,
erica+vulgaris,,
Erinacevs,,
Esculenta,,
Esculentus,,
Esquimos,,
Europaeus,,
Excubitor,,
Exocoetvs,,
Exulans,,
Familiaris,,
fausses+chenilles,,
Febres+exanthematicae,,
Ferra,,
Ferrum,,
Fiber,,
ficus+indica,,
filamentum,,
Fistvlaria,,
Florus,,
Fluorit,http://www.wikidata.org/entity/Q102151 http://www.wikidata.org/entity/Q102151,
Fluuiatilis,,
Flvstra,,
Fodiens,,
folliculus,,
fontinalis,,
foramen+incisiuum,,
foramen+incisivum,,
foramen+magnumoccipitale,,
foramen+occipitale,,
Forbicina,,
Forficvla,,
Fricator,,
Fringilla,,
fucus,,
fucus+saccharinus,,
Fvlgora,,
Fvlica,,
Gadvs,,
Galena,,
Galena+cobalti,,
Galenit,http://www.wikidata.org/entity/Q37559,
Gallinae,,
Gallinago,,
Gallopavo,,
Gallus,,
Gasterostevs,,
gastrocnemii,,
gastrocnemiis,,
Gavia,,
gelinole,,
gemellus,,
Gentilis,,
Geometrica,,
germen,,
germen+inferum,,
germen+superum,,
ginglymus,,
glabella,,
gossypium,,
Gracvla,,
Graeca,,
Grallae,,
Grunniens,,
Gryphoides,,
Gymnotvs,,
Gypsum+densum,,
Gypsum+fibrosum,,
Gypsum+lamellosum,,
Gyrinvs,,
Haematopvs,,
Haliaëtus,,
Halotrichum,,
Halterata,,
halteres,,
Hämatit,http://www.wikidata.org/entity/Q103223 http://www.wikidata.org/entity/Q103223,
hedysarum+gyrans,,
Helena,,
helianthus+tuberosus,,
helmintholithus+portentosus,,
Hemerobivs,,
Hernia+congenita,,
hesperis+tristis,,
hiatus,,
Hinnus,,
Hippopotamvs,,
Hircus,,
Hirvdo,,
Hirvndo,,
holcus+sorghum,,
Holoëdrites+plumbosus,,
Holothvria,,
hominibus+orbis,,
Hortulana,,
huitre+de+la+mer+rouge,,
huitre+epineuse,,
Huso,,
Hyaena+odorifera,,
Hyalith,,
hybrida+generatio,,
Hydatis,,
hydra+viridis,,
Hyrax,,
Hysteria,,
Hystrix+cristata,,
iatropha+manihot,,
Ibex,,
Ichnevmon,,
Ignauus,,
Ignavus,,
ilia,,
incisores+s.,,
indicus,,
Ineptus,,
Infusorium,,
intermaxillare,,
Intestina,,
ischia,,
Ispida,,
Iugulares,,
IVGVLARES,,
Jaspopal,,
Kaolinit,http://www.wikidata.org/entity/Q223197,
Konglomerat,http://www.wikidata.org/entity/Q191704,
Korund,http://www.wikidata.org/entity/Q131777 http://www.wikidata.org/entity/Q131777,
Krokoit,http://www.wikidata.org/entity/Q422903 http://www.wikidata.org/entity/Q422903,
Lac+lunae,,
lacustris,,
Lanivs,,
Lapis,,
Lapis+acerosus,,
Lapis+bononiensis,,
Lapis+calaminaris,,
Lapis+comensis,,
Lapis+hepaticus,,
Lapis+inolithus,,
Lapis+lazuli,,
Lapis+muriaticus,,
Lapis+numularis,,
Lapis+ollaris,,
lapis+purpureus+porphyrites,,
Lapis+spongiae,,
Lapis+suillus,,
Lapislazuli,,
Larvs,,
Lemvr,,
Lenticulit,,
Leo,,
Leporarius,,
Leptvra,,
Lepus+marinus,,
Lepvs,,
Leucaphrum,,
Levirostres,,
Libellvla,,
Lignit,,
Lignum+betulium,,
Lignum+petrificatum,,
Ligurinus,,
Limus,,
linea+innominata,,
liquor+amnii,,
Lixna,,
Lucioperca,,
Lucius,,
Ludus+Helmontii,,
Lumacchella,,
Lupus,,
Luteus,,
Lvmbricvs,,
Lvtra,,
Lynx,,
Macrocephali,,
Macrouri,,
magnes+glareosus,,
Magnesia+vitriolata,,
Magnesites,,
magnus+venter,,
mammalia,,
Manatus,,
Manucodiatta,,
Manus+marina,,
marcasita+officinalis,,
Marga,,
Margus,,
Marinus,,
marmo+arenaceo,,
marmor+tardum,,
Martius,,
maxillae,,
Medvsa,,
Megadendron,,
Megadendron+saxonicum,,
Melitens,,
Merganser,,
Mergus,,
Mergvs,,
Merula,,
mesembryanthemum+noctiflorum,,
Mica+membran,,
Mica+membranacea,,
Mikroklin,http://www.wikidata.org/entity/Q421841,
Miliaria,http://www.wikidata.org/entity/Q768888 http://www.wikidata.org/entity/Q768888,
Milvns,,
Milvus,,
Mimetesit,http://www.wikidata.org/entity/Q424328 http://www.wikidata.org/entity/Q424328,
mimosa+pudica,,
mimosa+senegal,,
Min+Cuper,,
Minera+Cupri,,
Minium+nativ,,
Minium+nativum,,
molares,,
molluscis,,
MOLLVSCA,,
Molusca,,
Molybdaena,,
Molybdänit,http://www.wikidata.org/entity/Q382994 http://www.wikidata.org/entity/Q382994,
Monedula,,
Monocvlvs,,
monstrosa+fabrica,,
Morochthus,,
Morpio,,
morus+papyrifera,,
Moschatus,,
Moschifer,,
Moschvs,,
Mosquitus,,
Mulus,,
Muraria,,
Muria+montana,,
Muricites,,
Muricites+deformis,,
musa+paradisiaca,,
musa+sapientum,,
musci+frondosi,,
Musimon,,
Muskovit,http://www.wikidata.org/entity/Q106532,
Mvgil,,
Mvllvs,,
MVLTIVALVES,,
Mvraena,,
Mvrex,,
Mvs,,
Mvsca,,
Mvscicapa,,
Mvstela,,
Mvtilla,,
Mya+pictorum,,
Mysticetus,,
Mytilus+polymorpha,,
Mytilvs,,
Nautilide,,
Navtilvs,,
nectaria,,
Nephrit,http://www.wikidata.org/entity/Q138979 http://www.wikidata.org/entity/Q138979,
NEVROPTERA,,
nicotiana+paniculata,,
Nicotiana+rustica,,
nicotiana+rustica,,
Niger,,
Nisus,,
nisus+formativus,,
Nitedula,,
Niualis,,
Nostalgia,,
Nummulit,,
Nummulitenkalk,,
Nvmida,,
Oculus+mundi,,
Oestrvs,,
ohioticum,,
omasus,,
Onager,http://www.wikidata.org/entity/Q19779 http://www.wikidata.org/entity/Q19779,
Onkolith,,
Onocrotalus,,
operculum,,
Orbicularis,,
Orbis,,
Orca,,
Orfus,,
Oriolvs,,
Orthocerat,,
Orthoceraten,,
Ortygometra,,
oryza+sativa,,
Oryzivora,,
os+caudae,,
os+coccygis,,
os+intermaxillare,,
os+sepiae,,
ossa+ilium,,
ossa+pubis+s.pectinis,,
Ossifragus,,
Osteologia+comparata,,
Ouis,,
Palaeojulus+dyadicus,,
palpi,,
Palumbarius,,
pandanus+tectorius,,
Papa,,
papio+maimon,,
Papirnautilus,,
Paraglauconia,,
Parasitici,,
parenchyma,,
Parra,,
Parvs,,
Pastenaque,,
Pastoralis,,
Pavo,,
pecora,,
Pedicvlvs,,
Pegasvs,,
Pelecanvs,,
Pennatvla,,
Percnopterus,,
Petroleum,,
Petrosilex,,
phalanges,,
Phalangivm,,
Phasianvs,,
Phoenicoptervs,,
Phoenicurus,,
phoenix+dactylifera,,
phormium+tenax,,
Picrites,,
Picvs,,
Pilaris,,
pinus+canadensis,,
piper+betle,,
piper+latifolium,,
Pisolith,http://www.wikidata.org/entity/Q1760214,
pistillum,,
placenta,,
plantae+parasiticae,,
plantari,,
Platalea,,
Platifia,,
platina,,
Platina,,
Plevronectes,,
Pliothyrina+grandis,,
Plotvs,,
Plumbum,,
plumula,,
poa+abyssinica,,
Podvra,,
Polycnemus,,
Polyglottus,,
polygonum+fagopyrum,,
Polynemvs,,
Polypus,,
pomaceae,,
pomatia,,
poplitaeo,,
Porcellus,,
Porpites,,
Proboscidia,,
proboscis,,
processuscondyloideus,,
Pseudogalena,,
Psirtacus,,
Psittacvs,,
Pullarius,,
Pumex,,
Puzzolana,,
Pvlex,,
Pygarga,,
Pygmaeus,,
Pyrit,http://www.wikidata.org/entity/Q50769 http://www.wikidata.org/entity/Q50769,
Pyrites,,
Quadrumana,,
quail,,
QVADRVMANA,,
Rallvs,,
Rana+piscatrix,,
Rana+piscis,,
receptaculum,,
reticulum,,
rhamnus+lotus,,
Rhinchops,,
Rhinoceros+antiquitatis,,
Rosmarus,,
rostellum,,
rostrum,,
Rubecula,,
Rubicilia,,
Rubicilla,,
Rubrica,,
Rudist,,
rumen,,
ruminantibus,,
Sagax,,
Sagitarius,,
Sal+ammoniacum,,
Sal+ammonicum,,
Sal+gemmae,,
Sal+mirabile,,
Salmo+arcticus,,
Sapaius,,
sapiens,,
Sapphirus,,
sativa,,
Saxum+fornacum,,
Scalata,,
Scarabaevs,,
Scarlatina,http://www.wikidata.org/entity/Q180266 http://www.wikidata.org/entity/Q180266,
Sçavia,,
Schiftus+carbonarius,,
Scolecopteris+elegans,,
Scolopax,,
Scripta,,
Scrofula,,
secretiones,,
secundinae,,
Serma+ceti,,
SERPENTES,,
Serpentin,,
Serpvla,,
Sertvlaria,,
Silex+niloticus,,
Silvrvs,,
sima,,
Similor,,
Sinopel,,
Sinus+pudoris,,
Sipvncvlvs,,
Smithsonit,http://www.wikidata.org/entity/Q152400,
soleo,,
soleus,,
Solida,,
solidum-vivum,,
solidungula,,
SOLIDVNGVLA,,
Sparvs,,
sperma+ceti,,
spermaceti,,
Spermaticum,,
sphagnum+palustre,,
spinarella,,
Spinarelle,,
spinosi,,
Spondylvs,,
Spuma+lupi,,
Spuma+marina,,
stamina,,
Stannum,,
Staphylinvs,,
Steatites,,
Stellio,,
sternum+os+xiphoides,,
Stibium,,
stigma,,
stimuli,,
Stincus,,
Stirium,,
Strombus+fortisii,,
Strombvs,,
Struthio,,
Strvthio,,
STRVTHIONES,,
Sturio,,
Stvrnvs,,
stylus,,
Succinum,,
suspensorius+oculi,,
svs,,
Sylunanus,,
Syngnathvs,,
Tabanvs,,
taenia+lata,,
taenia+vulgaris,,
Talcum+Venetum,,
Tarandus,,
Tarda,,
Taurus,http://www.wikidata.org/entity/Q201032 http://www.wikidata.org/entity/Q201032 http://www.wikidata.org/entity/Q201032 http://www.wikidata.org/entity/Q1063607,
Tellurium,,
tendo+Achillis,,
tentacula,,
Tepel,,
Terebratula+grandis,,
Terebratulites+grandis,,
terra+aluminosa,,
terra+argillosa,,
Terra+Lemnia,,
Terra+sigillata,,
terra+silicea,,
Terrae+nouae,,
Testvdo,,
Tetras,,
Thoracici,,
Thynnus,,
Tiburo,,
Tigris,,
Timidus,,
Tipulis,,
Tipvla,,
Titanit,http://www.wikidata.org/entity/Q377280,
Todvs,,
Tofus,,
Tonus,,
Torquilla,,
tracheae,,
Trachinvs,,
Trachyt,http://www.wikidata.org/entity/Q332748,
Travertin,http://www.wikidata.org/entity/Q187156,
Tremolith,,
tretremella+nostoc,,
Trichechvs,,
Trichivrvs,,
Trichocephalushominis,,
Trilobites+Hoffii,,
Triqueter,,
Trochilvs,,
Trochus+lithophorus,,
Trochvs,,
Troglodites,,
tubularia+sultana,,
Tucanus,,
Tufa,,
Tursio,,
Turtur,,
Tvbipora,,
Tvbvlaria,,
Tvrbo,,
Tvrdvs,,
Ulula,,
Umbilicus+veneris,,
Unguis+odoratus,,
Uranium,,
Urogallus,,
Ursi+arctoidei,,
Urtica+marina,,
Urus,,
Uterus,http://www.wikidata.org/entity/Q9612,
vampyrus,,
Vanellus,,
vasa+pneumatophora,,
vasa+succosa,,
Vena+medinensis,,
venus+mercenaria,,
Venvs,,
vermes,,
villaticus,,
Vinago,,
Vinulus,,
Vis+plastica,,
Vitrum+Ruthenicum,,
Vivianit,http://www.wikidata.org/entity/Q413386,
vnguis+odoratus,,
Volvta,,
vorticella+ratatoria,,
Vranium+ochraceum,,
Vranium+spathosum,,
Vranium+sulphuratum,,
Vrsvs,,
vultus,,
zea+mays,,
Zoophyta,,
